subject,nps,nps_corr,nps_cosine,npspos,npspos_corr,npspos_cosine,npsneg,npsneg_corr,npsneg_cosine,pos_nps_vermis,pos_nps_vermis_corr,pos_nps_vermis_cosine,pos_nps_rIns,pos_nps_rIns_corr,pos_nps_rIns_cosine,pos_nps_rV1,pos_nps_rV1_corr,pos_nps_rV1_cosine,pos_nps_rThal,pos_nps_rThal_corr,pos_nps_rThal_cosine,pos_nps_lIns,pos_nps_lIns_corr,pos_nps_lIns_cosine,pos_nps_rdpIns,pos_nps_rdpIns_corr,pos_nps_rdpIns_cosine,pos_nps_rS2_Op,pos_nps_rS2_Op_corr,pos_nps_rS2_Op_cosine,pos_nps_dACC,pos_nps_dACC_corr,pos_nps_dACC_cosine,neg_nps_rLOC,neg_nps_rLOC_corr,neg_nps_rLOC_cosine,neg_nps_lLOC,neg_nps_lLOC_corr,neg_nps_lLOC_cosine,neg_nps_rpLOC,neg_nps_rpLOC_corr,neg_nps_rpLOC_cosine,neg_nps_pgACC,neg_nps_pgACC_corr,neg_nps_pgACC_cosine,neg_nps_lSTS,neg_nps_lSTS_corr,neg_nps_lSTS_cosine,neg_nps_rIPL,neg_nps_rIPL_corr,neg_nps_rIPL_cosine,neg_nps_PCC,neg_nps_PCC_corr,neg_nps_PCC_cosine
sub-0013,130.021270684372,0.107495687874103,0.112394307570263,41.0052806685417,0.0202140642333445,0.313288435419925,12.0571271638074,0.0927525840933097,0.237751378454071,2.39025131060045,-0.132263250189205,0.902361673557912,8.85892816731892,-0.242440435974982,0.509568743845701,-1.5685361458726,-0.679939522902629,-0.497300778712277,-0.0757992621353639,-0.102193226379528,-0.0384742299617671,4.39369142347372,-0.17409123467875,0.745299266803839,-0.807826047320158,0.0257861096050404,-0.381645604089971,1.52565998078851,0.377148484842627,0.681982253898939,14.4738659239673,0.15592108281433,0.746071480545977,0.586515548617995,-0.31826389929649,0.375731178164465,1.943935728522,-0.275988180276327,0.85723627310422,-0.403335804170593,-0.273078445230807,-0.211173879149283,6.69015772731468,0.597731296395978,0.929604591288478,1.27044243351456,0.125149328626164,0.586204839823112,-0.690148734522943,-0.313631252274114,-0.814827990064519,-0.010960720059885,-0.512790220801175,-0.00896010979514183
sub-0014,-16.5281851044989,-0.0243565373600622,-0.0226198865177075,-18.5233146374131,-0.156588555043908,-0.21284624634946,-8.50378095885938,-0.0726292587786929,-0.267669954872875,0.417463207635482,-0.501459669852031,0.334731408850613,-10.6887662608758,-0.382104133968505,-0.774060867481342,-1.71971880380345,-0.552355669326072,-0.884594532166976,-3.66813106838309,0.230850598674995,-0.815947552814457,1.34984761369539,-0.318172447073064,0.411371349615036,0.108078487659673,-0.118111743790605,0.112068522466068,-0.497141630035136,-0.113101649422034,-0.336324323280518,1.01042199409818,-0.145094373795392,0.124833604789696,-2.28846091325007,-0.12844465772053,-0.900720446476877,-0.182141539773421,-0.172610102017571,-0.298997741810988,-1.96964541732248,0.367187957489417,-0.77226366179316,-2.48863849576132,-0.439378309620056,-0.83896153957646,0.448818042074235,0.206657040887336,0.32771307898433,-0.269642187064406,-0.802238464902289,-0.387041834095021,0.625228344054677,0.510795423401666,0.648751297414842
sub-0018,300.845868769486,0.0908468095378131,0.101290807854379,200.344409636987,0.0506813393197296,0.479103683675143,-61.6878773815342,0.0179998085893726,-0.405672765357178,4.10595919451921,-0.137318302080022,0.927204224016346,37.8984188928182,-0.0337136347295862,0.739695437506089,7.86977213089315,0.484867448485143,0.927965177964162,2.14082044457609,-0.547624052853703,0.661603112251474,15.5421285570107,-0.432832545772744,0.755904316721419,6.78361514629213,-0.00394763799597486,0.880366013955722,14.1705773713447,0.335972085375703,0.913759071519302,53.1864693985674,0.00621758016718098,0.786368171752729,-7.62666503527589,-0.165881017043546,-0.925177195494538,-3.34654609748245,-0.672744176247337,-0.952542426710614,-3.71367433978113,-0.330048460615449,-0.847710104022543,0.774489383766888,-0.610178236352132,0.207794649161439,-11.6073428481191,-0.444719124578745,-0.923477594467749,-4.94432830678295,0.22148857817506,-0.828504134283543,-12.5428167745216,0.115379519200618,-0.915911145279432
sub-0019,-42.6458361809109,0.0233090030396754,-0.0245019956535327,-78.7896068848422,0.0531164412286825,-0.40103122951589,50.0773342612557,0.0703173582073345,0.529106327302617,-2.02175165802125,-0.440839264043494,-0.954464623334116,-12.010709156822,-0.120334245202768,-0.575785905975265,-5.89833714359177,-0.664437560964238,-0.960786779978761,-3.29969671367111,0.109439853738294,-0.795249304191125,-3.86811786494329,0.57403836296291,-0.56916524254296,-5.25211117307794,-0.219885409829947,-0.880051527046347,-1.87555140368427,0.215570053089697,-0.302006538914033,-21.641460348715,-0.0341153976339557,-0.737054621521322,7.15986212100869,0.515002544260363,0.954487815548525,2.9519803737327,0.350410715685623,0.958715728025573,7.15479914650433,-0.272350358361148,0.899516511465764,1.8033920944141,0.0498490284282972,0.764571773305382,5.43838728322469,0.278701367178386,0.947071510947536,4.72883730299449,-0.112198573779786,0.861660669942363,5.89121060433205,-0.136240425253955,0.908844855621464
sub-0024,61.4500673439077,0.0181055781851445,0.0517039200428998,63.0426630479556,0.0708144581776656,0.498678841758103,-24.8920077610378,0.00249440578066452,-0.430963597023058,-0.615692554286129,0.490966339558724,-0.620453563011222,19.4202329762121,0.0767127940784367,0.848505380578371,4.64579000632447,0.210580332541309,0.936085398722448,1.3782508592236,0.189856169602039,0.801314934679883,3.89647431192519,-0.0547182170639645,0.827803969045407,1.41004896201943,-0.202636504388602,0.734031692828726,0.286271151736131,-0.182362973284658,0.126918692157455,13.4487110126472,-0.111576815861579,0.793797497187263,-2.93706821007282,0.0198857885639497,-0.884376034470232,-2.49338102899813,-0.255742113499461,-0.948481357829786,-2.05127327393468,0.701533744889839,-0.477447988726021,-0.127015191533128,-0.258112055923231,-0.197966915738644,-3.69579113769,0.226335976999603,-0.850963616149444,-2.75261525350194,0.101590193480081,-0.846689125341902,-3.63990803737613,-0.477333240315884,-0.939232902532635
sub-0026,-26.0075846270733,-0.0349690236678018,-0.0345720711816142,-15.1256670638344,-0.104782996104732,-0.184148256571009,3.46928641744736,0.0302003375755268,0.1221234092787,0.0869754400819686,-0.0210785094021075,0.237025702423823,-10.2860344902906,-0.278318764990762,-0.773740487980396,-1.64527759062342,0.0143291665143192,-0.862436406496709,1.91879968370409,-0.238038460879532,0.748936093276059,-1.49258411730787,0.678847703403607,-0.547873679979871,-0.0279729172497095,-0.369761024422215,-0.0297189088645223,0.347835989389187,-0.401093383476552,0.325180234358452,0.686345459388384,-0.0159606149986768,0.0630997715077513,-1.0265123088777,-0.133597161551138,-0.693489333785719,1.23926505760181,0.350395002980605,0.857171561801692,2.09718473025551,0.198122772710397,0.912833273062542,-0.634505754737166,-0.451902570268836,-0.366037068077788,-0.408681118294032,-0.613466251629918,-0.219800551079856,0.33030415688449,0.268667488314395,0.443228948908302,0.770313113773792,0.256720756814949,0.49253414149421
sub-0028,1.05945180035119,-0.0120222115402532,0.00179523430133862,3.93968484191273,-0.107587133861505,0.0610444542348256,-6.09092619978524,0.0165407152766899,-0.197088710349931,1.72790813883884,-0.540768322196849,0.889062675356597,-2.19947844255413,-0.100971420646445,-0.340258043434929,0.412128845983411,0.422857249651693,0.415667744875185,0.718356112926837,0.59642062441471,0.720377761368336,-0.459980594572939,0.113558033801439,-0.384211149982808,1.23101194306073,-0.146833046003906,0.757810974465516,-0.204227473224443,-0.0433298071982677,-0.224751554329796,1.27740051592397,-0.00482070034635204,0.252109753567531,-0.130628113331657,-0.332799441440516,-0.0804641712301493,-0.656298707813124,-0.624692037023185,-0.852524989173086,-2.61005793690355,0.183401029686199,-0.807733174170769,0.72744946748628,-0.140660636063356,0.571688421325027,0.944534854481591,-0.352388274987683,0.763578830889212,-0.198643931716152,0.356528201772662,-0.479039005455509,-2.06801169982162,0.19235255615318,-0.8944906550962
sub-0032,43.8657657359029,0.0221699584067016,0.0272517212164923,31.0899688184346,-0.00805335352723472,0.175367653323438,1.25974255041813,-0.00908536110342792,0.0216578467974628,-0.824345313846622,-0.381069513878787,-0.517537054613981,7.99414901421712,-0.121288000779613,0.470003701214728,0.764297777652877,0.698401722865141,0.190588097880812,-2.16369187132008,-0.353691766743577,-0.773081205471771,1.44819546587298,-0.433715577216403,0.181599823718204,1.31390659379592,-0.0505249660482969,0.509269678817308,1.04961642131569,0.0953238504616943,0.439799132925574,12.4418894769479,-0.180625718215548,0.538810102115751,-2.04049053796992,-0.107575654047687,-0.834274138556693,0.00379571071106452,-0.224151209712111,0.00386026132519305,-0.940193124906658,-0.155616102045239,-0.14031801520004,0.876612220394347,0.141355537873672,0.39091510391577,3.90710191766195,0.086515267018601,0.795615063907007,1.28544145890326,-0.53472200628667,0.565065745684898,-2.14610832322721,-0.483875391996248,-0.495061633127635
sub-0033,166.158362015602,0.111746669846808,0.115151315762442,21.5446894914944,-0.0137075940525977,0.122004669678588,33.0502248975266,0.184561694572613,0.416467014815425,-0.20078551584763,0.537591627118648,-0.101851245651314,8.84981718908567,0.156704112132894,0.503469486093082,-13.6920464704843,-0.599600540171894,-0.957886790054255,-0.965572780363328,0.102898337306941,-0.400112587445705,2.68127739737481,0.0688536089747414,0.624700614991734,1.30453471916693,0.558029899469035,0.797260662961291,1.62410981449482,-0.275899462691159,0.556933508882918,18.0320555743136,0.134214643129108,0.662749969729549,3.80926798128135,0.493749155515057,0.872647168834434,5.59881830213203,0.728110185344513,0.977122654939664,9.42439058400475,-0.0237313905103905,0.919439776521701,-0.705930715855703,0.0952764969789069,-0.252651840590755,2.01038646534473,0.32235720243761,0.633837675251958,4.54957916086412,-0.155767237675009,0.850490205436783,-1.09911638875485,-0.501052324418723,-0.608952106495581
sub-0035,-62.5220785628008,-0.057072017169981,-0.0577391687111326,-38.2646486531484,-0.0292899269932997,-0.323851360617714,-7.13061413520417,0.0428913886539781,-0.146365787921617,-1.20261151091855,0.325616432194845,-0.818815595469608,-20.2558438510937,-0.195984228750634,-0.82446590810365,-1.10682039399078,0.559149004432894,-0.437006249760765,-1.36015580810407,-0.489307660965999,-0.71064719253105,-4.17769085386316,0.536225155153264,-0.672570734108426,-0.443005400275448,0.358737950736787,-0.460352508673071,0.148583373367911,0.381607014071456,0.0645414197005584,0.91211614527221,0.158056789175864,0.0857079065174468,-3.73464484488222,-0.319994209045212,-0.839251433940118,0.245655881171117,-0.171620370808286,0.250787676434492,1.14340659212033,-0.0527221518035427,0.514493297949082,-1.14490371221155,-0.201022503478505,-0.642492711114494,0.269534997058659,-0.0888950332088691,0.164446916072076,0.586029043437032,0.852790720381955,0.718528214392596,-2.35462815937571,0.335248354110764,-0.675723132274456
sub-0036,560.43600013714,0.142892316537984,0.152592347623475,264.55242314544,0.156656333634807,0.504694015401507,11.2039745195648,0.104881634082009,0.054782841699102,6.00172145791022,-0.486443942147033,0.837989015120125,77.5610942290982,0.116553107238248,0.851635887875128,-6.58445030646152,0.802098116357953,-0.522035466357507,0.227904860545422,0.384932256319566,0.0525859747538008,17.4074374337501,0.000849828905495366,0.717435486867542,9.63768343406659,0.547721660690634,0.929100563725547,18.2156683301977,0.416716186179517,0.933686688032521,67.3266325794691,0.566968853377218,0.921398008645198,-10.1694747981289,-0.347455097114878,-0.872430124736843,7.30485755963429,-0.571130571244318,0.800275536010318,11.5210182097545,0.0685891625890556,0.833757173686444,12.8803004566344,-0.332926178875339,0.770194278082721,1.42544859509941,-0.577383361021135,0.228459546775861,1.50931367820096,0.812780142547813,0.700559971453564,-14.8564737940817,-0.0230047397786459,-0.955239829909817
sub-0037,0.773434805062251,0.0115045898833975,0.000972589539589904,2.74123554452453,0.0831057245796107,0.0306947297836498,-0.186914612859795,-0.0318225919386002,-0.00553938088270221,-1.38700282509051,-0.55086608084701,-0.9196547303372,1.71801596809436,0.0228302649417014,0.175011662354513,-3.1160503624015,-0.708087632599036,-0.858636282584865,-1.27133405040383,0.0250248468304548,-0.726587936280034,1.2862615744285,0.3040985179985,0.550212357688057,0.88955499015853,0.51670614779422,0.704895028935448,1.04151063719343,-0.120825090929389,0.451856262624983,3.99681496233499,0.197795830801313,0.358918494183738,-0.654790756841056,-0.534645377473306,-0.448514515845413,0.942950170900578,0.541285768672602,0.859409374206308,0.411420553197902,0.167464597511364,0.336009021754705,1.0673735435456,-0.11839763496492,0.784442276807082,-3.47313293398591,-0.446220543602419,-0.86885859390602,-0.893439309554601,-0.162314180469458,-0.777373389625838,2.81930513656915,0.561007924842126,0.942781371197109
sub-0038,-66.6382408588703,-0.0257563375970167,-0.0520574516739658,-70.7559135271038,-0.0401617934265422,-0.436040404137895,27.2885848226906,0.0667822681028023,0.46696831487749,-0.581071341446093,0.190858635404846,-0.711186017814606,-15.1248376397683,-0.060552974438443,-0.708738400214816,-6.26827107884228,-0.420624219772586,-0.94269748601067,-1.84422004038173,0.717582888497891,-0.515140701706155,-1.54789840640515,0.707478885246371,-0.262379790598295,-0.542629928264163,0.238060522892838,-0.331133034661414,-0.539136502151552,0.0207419259610929,-0.424059008391179,-22.5314008932541,-0.311357243991035,-0.851190886446239,2.47624886937336,0.294708666777756,0.906205402193988,1.3241185684676,0.204321594352075,0.75146150818643,6.05119812428606,-0.555928011505437,0.908928501054266,-0.36158048538963,-0.21280709763137,-0.226566753419242,6.72596108430255,0.0316445993504901,0.929353507307196,0.923875463542641,0.149208733315658,0.721502014445735,1.9167359429546,0.123034294271125,0.868561791887873
sub-0039,164.311511800304,0.102846308754714,0.114656595391077,81.347358604532,0.0819540182761636,0.454109956504209,-18.9158101292188,-0.0265378251081444,-0.388429932639342,0.596672367204439,-0.434530056014152,0.687179354952864,10.984027470701,-0.0394408750101578,0.593863613275986,6.03048651952987,0.644224027043167,0.905438152994855,3.40415204810136,-0.280990918598559,0.782811095635601,3.40234107258446,-0.451702659249121,0.681676900961032,2.25465476301569,0.425346334772173,0.837694726022484,4.17018918557086,0.359533220169834,0.91736446726252,26.5106277829857,0.0647623071869887,0.775270456564399,-2.44088059025271,-0.257808049414548,-0.747137120033114,-3.06074077750411,-0.233934363849335,-0.935387388317646,-1.86125846330961,-0.412707274857226,-0.836275871949661,0.872526434449132,0.547649666678273,0.538256324433527,-1.93151877505779,0.168022939584045,-0.709852538564772,-1.79243687204265,0.457399620320634,-0.742060418582144,-3.14000677269728,-0.489680768372793,-0.969974444613372
sub-0041,63.0436343262701,0.0638919234316062,0.0831631124753339,34.2519863025156,-0.0997403315036168,0.33065924397414,-7.69205270400323,-0.0776292676442425,-0.248975429719307,0.385361224946185,0.52859334782868,0.840325125017547,8.12408289882719,-0.269950639517672,0.578039881149437,0.820537348018515,0.417975674165919,0.668153738352572,2.38591153762297,-0.541365677850829,0.782672880353413,3.19826612943218,0.0882115204155593,0.821241046902665,1.45329266657531,0.377692582363116,0.78936181143954,2.44387389678996,-0.0893620048427055,0.857472426518862,5.59574379694565,0.101232323072283,0.484645528809537,0.707804413210591,0.383149742208125,0.459326872626249,1.36920080184347,0.623272320868737,0.910934218669416,-1.29759237270914,-0.305715539593956,-0.75279342883073,-0.609422422428832,-0.440459052428177,-0.517682787125795,-3.9063163785596,-0.174357387879364,-0.910388923078383,-0.250997315305019,-0.240178191100084,-0.651242193733996,-1.43492444146336,0.431002277912713,-0.83688469251465
sub-0047,-9.62129735566714,-0.0101552366092633,-0.0246198403708453,-13.1073963360425,-0.059846779547728,-0.327954741249635,6.26238865216689,0.0351464044224957,0.407646686417256,0.337074211523987,-0.120793310009145,0.630482410216501,-1.83295807038695,-0.287505077231967,-0.467299862663856,-1.52169652586799,-0.436581155601614,-0.938050872396505,-0.554012249681365,-0.394511748033831,-0.752814210318296,-1.6831695306165,0.44955314660703,-0.616969904805966,-0.349409496867507,0.0269548071555232,-0.475196546022167,-1.22904484145782,-0.642198529495943,-0.877507145506986,-2.45409689392673,0.103862435238209,-0.618706797478869,1.28886040606424,0.0267981972647506,0.890485124379858,0.60606536357232,0.406943510741303,0.933743553057385,0.829277031593847,-0.436709900222341,0.780077010427194,0.581712834412088,0.309482714530132,0.721812924494724,0.7911725472734,-0.127918968246562,0.793779929548923,0.118451292021904,0.658325453001183,0.2850867435173,0.307029819607516,-0.324291067750873,0.673417682013112
sub-0052,81.9033845368265,0.0635458097191159,0.0681017295903807,34.7906515332982,0.0614637137982996,0.16524033931399,-0.177565473961749,-0.0700551704899253,-0.00322654985971113,-1.09869096022491,-0.188574599310775,-0.667042420759907,24.5225180657508,0.0241571109601687,0.487980678725987,1.55005704974796,0.338449872424661,0.70982354327892,-2.69159816878274,-0.18926286639601,-0.912658513892835,-5.10674894711513,-0.081304552596103,-0.40390806262486,1.208365919059,0.287283011097868,0.743996958323287,0.425888079966478,-0.168665289139576,0.125072753682307,5.93908348769847,-0.0185530803271398,0.366908574663146,3.33031746156891,0.315619748654223,0.551388319004713,1.57946180025404,0.14891994008873,0.761130643055548,-2.72970542690368,-0.467441548204641,-0.853864787404225,-0.173746877814539,-0.213277244886357,-0.106179750021471,-0.750593404528118,-0.71922558021362,-0.353029249137344,0.0611634055007051,0.409753568068188,0.05961189371221,-1.14203249622546,0.131297862054482,-0.439486409946023
sub-0056,-32.0064550583555,-0.0309176411895158,-0.0405391104122796,-21.3608289319224,-0.028470257968237,-0.304212173633865,-2.75707037196481,0.0313356815570979,-0.0739844026678066,-1.18489810896209,-0.487117510947357,-0.865434404924635,-10.154873855321,-0.228361325775365,-0.80654759244279,0.159328009146227,0.746021890556482,0.0850229940129757,-1.15594818238781,-0.338338044231642,-0.827267607229513,-1.43137991536708,0.428825599757956,-0.545136060479529,-0.431598797168751,0.381577789482631,-0.489535328206057,0.35933388454406,-0.0673953794185961,0.269959130656967,-1.75316016992081,0.0578854739345935,-0.266384664060071,0.959085819595943,0.276872002358689,0.819260588516134,0.615556070666179,0.205970108720549,0.802341198619174,2.30691767555489,0.444822811843861,0.861127458038929,-1.98777899354936,-0.407669335376281,-0.828432020224559,-2.12764334636549,-0.260214928529293,-0.831436696684885,-0.0362353779816896,-0.196904751189536,-0.0345165576094297,-2.00280431930642,0.135094701949969,-0.807584272158973
sub-0057,1.13967931042742,0.026079002082577,0.000673165429804438,-64.9614846119684,-0.0567296710748765,-0.350110721061275,24.0466196111582,-0.0637735731723719,0.274669967094789,-0.990185648169426,-0.177669635425841,-0.632486014385955,-18.1532391955597,-0.166388544257537,-0.767166564401427,-6.2460658125118,0.494467232478204,-0.836837979750614,-3.60133547324086,0.551141485987693,-0.771211935922919,-6.39575081131331,-0.500451363167244,-0.742384831629222,0.189652030496208,0.0972898668781066,0.0822912998514586,2.1919274011657,0.234879734977206,0.796345309629382,-12.3387023232056,-0.0896075187153598,-0.495111310283171,5.30874154111757,0.030540920615293,0.903061736597819,-3.33519512439328,0.046481624613091,-0.935764736282939,8.16930669490691,-0.468403750599808,0.846928731936734,2.22273587771228,0.0886537054164675,0.658233788112683,-0.272156537074872,0.190800025232269,-0.0810471470033423,3.170686335315,-0.0254366656902135,0.86094773108766,1.06257716581094,-0.406123667210458,0.289765435349849
sub-0060,154.349506092896,0.162610205829374,0.171278342232404,41.0418937674108,0.0841670704156656,0.399835163693739,16.5145537541756,0.145723342776141,0.280194389403127,0.175178800395159,0.500213883597029,0.345578894148444,10.2653715209042,-0.103337552162248,0.618066819269709,-0.602130757233298,0.143619878416971,-0.44527164469669,0.939007101352893,-0.167899900565858,0.590935909894527,1.82424439163748,0.423845060204826,0.611867274148254,0.786629898035175,-0.01392451052982,0.389856587936473,2.99008760235137,0.489481994930846,0.860839777381024,13.3511582260058,0.20789129433466,0.805576230981643,-0.262340498404794,-0.187438300574495,-0.283286631146679,3.26706001866401,0.312519839686187,0.925895982338125,8.17147766332741,0.0575004592110088,0.891856466164563,-0.719235688917582,-0.147848681821506,-0.599624501838238,2.87746826753425,0.364884735598406,0.856255756274713,1.26567380908555,0.131836445464626,0.718325679723417,-3.12162225954743,-0.112279898530357,-0.943047409475841
sub-0061,148.878956421355,0.104855888281274,0.107911633444671,61.0185157604644,0.00219621542065077,0.319804562794978,-1.33417354978154,-0.191374847555002,-0.0258239087920574,0.518633347337183,0.372242593031436,0.349757165911978,21.4609887330202,0.039720609759746,0.627268500852195,-1.92787122085963,-0.165620094719421,-0.820429773076941,-1.0208341859124,-0.126165713211736,-0.434947343219365,3.4542787915928,-0.451562894251255,0.41950389015432,3.69076500532658,0.176827911793667,0.886694510517441,2.60639051223205,0.393349644578965,0.858224542820034,15.1712766225732,0.229002856182572,0.72797710089082,2.05345036710636,0.640804830932155,0.785291631737748,-1.66339588063988,-0.200033385161981,-0.856978786590222,-5.1340284938024,-0.174882127153004,-0.776872173985713,-0.470442707098932,0.328701431465499,-0.20771313039428,0.92104223430507,0.350459434245354,0.454283021691766,0.712061895065558,-0.266791049351916,0.72720217515413,2.17435947626164,-0.291840118278155,0.736681417975036
sub-0062,58.5411150770022,0.0660200786602543,0.0585370526181352,3.52025060552873,0.0769892592043483,0.0357385685418907,10.0419714903924,0.0866633092786018,0.203199101302526,-2.48441424074892,-0.42754639036666,-0.955245061570566,-3.91994881920751,0.0323901507677424,-0.290480100656715,-0.87811614326191,0.752486743637465,-0.236554474697041,-1.26822584981003,-0.40942228785122,-0.686135604522383,0.378408707736277,0.569358231292337,0.205797448393279,-0.572291456087174,0.0971631357612947,-0.54578857458519,0.396915683686299,-0.00727206978212756,0.386302347811088,10.4046104689633,0.0929089546545473,0.701437254800954,-0.555187226354053,-0.223942866681186,-0.198077361348385,-1.49225096971422,-0.228349081071621,-0.841618531329947,7.68009991201492,0.679584714021245,0.964247304287717,-1.36758189125079,0.265105856560969,-0.727242719635015,0.374500651452384,0.120138591651915,0.25044587450628,2.08570994188062,-0.292912694234431,0.788864522270644,-0.248259717788048,0.326377495305912,-0.290123429750716
sub-0064,38.2759085337327,0.0454746760517112,0.0604574545337575,18.2952056329253,0.0208918162557258,0.233087180544921,-0.724778402876449,0.0259237902532562,-0.0250038050284411,0.606503556308404,0.660286065421899,0.885767683418094,2.90426399823317,0.121114794682304,0.254409977277674,-0.15603924625991,0.73740610580096,-0.0511790978645057,0.751269925985045,-0.00483651021539978,0.508059868510005,-0.762321445621928,-0.170004927155953,-0.455167686088682,1.83820097384214,0.383945843414117,0.853509788429504,1.51605948137801,0.45708931976852,0.743316287489821,6.7116272740409,-0.0546856576888827,0.595705967450334,-0.333782543865619,-0.182697857819176,-0.355771084798288,0.288107860470794,-0.529593284211352,0.329475654311945,-0.569132169341359,0.0240756074607084,-0.132802966363251,-0.460233718434864,0.371702635759241,-0.440704704097616,1.38572963750261,0.29307254042479,0.700838076680415,-0.0523446263766423,-0.353244861768868,-0.113430596056307,-0.771632615637732,-0.217107476954626,-0.825007163117032
sub-0066,15.6175970155261,-0.00638700733361486,0.0223949639250684,32.4641856417568,0.185342608787567,0.473392540494925,-21.6223990229079,-0.0667283519031372,-0.474971538260684,0.205159576652098,0.171797698854818,0.59953211043683,7.35127876253806,0.21690102681522,0.847450094501032,1.07578032263907,0.623717667865785,0.839086390818722,-0.354120900154731,0.32415742833682,-0.421336089510243,0.214541994209944,0.399672073659761,0.184197324969119,1.95755042682531,0.31818012139846,0.901787410346144,3.5947956935348,0.559528268755598,0.936128180712584,9.12077396468261,0.302759121270669,0.860517270348332,-4.61452928489069,-0.471816900942026,-0.953320510039548,-0.599293441008619,-0.211037066122331,-0.836049896022444,-1.7485939315292,-0.0888761188009973,-0.763528756468082,-0.255292070022109,-0.186399683171648,-0.382122349584661,-3.91865964523791,-0.107783596779365,-0.898453060623125,-2.4777421235205,0.731946004638595,-0.700531123731407,-1.54364354134439,0.408679457722306,-0.893998368156036
sub-0068,28.604735281458,0.0602251078880087,0.0696097418477902,8.34298328035826,0.087462386921527,0.207679561381033,2.9437197748351,0.105514392264894,0.176260982040595,-0.32816608015114,0.0968037156796476,-0.78370339913645,0.911515876758225,-0.0425279899530253,0.239393143147249,0.0686580743442858,-0.0122322588281911,0.0779281176600987,-0.614844108213008,0.413156758869469,-0.513805798496245,0.177813234385838,0.218217916288382,0.118481569146571,0.0959296999836456,0.236089194340014,0.164547733318421,0.915520502939039,0.291567529736263,0.858262222511653,4.68004111137753,0.172222888989218,0.695793408153841,-0.0104713161504076,-0.358871568143682,-0.0311572042649088,-0.0782637763887326,-0.535284529638268,-0.192315823444796,-0.0451783125791262,0.147947197619563,-0.0488700576162133,1.08738525893308,0.112007194184244,0.792364689199947,1.61525497074804,0.546825942474173,0.903635192091309,0.643447097290454,-0.0488217686428745,0.853570059748468,-1.01895775097397,0.11529022289703,-0.869729183266011
sub-0069,94.6063834186328,0.0722779746136614,0.0880957081517103,61.924134776617,0.106784351040965,0.459853841437806,-12.0948232257643,-0.0661388215483704,-0.236080440622006,2.06352080558975,-0.631409430755594,0.789651213498294,14.1741872676982,0.0454866159677575,0.827381438378065,1.64674446995801,0.364925604953304,0.68676428916139,0.125121788608322,-0.274382616151911,0.0630432293108262,8.02511303935496,-0.255712284289979,0.834654773243322,2.06866468377288,0.00499108917958767,0.844798591729004,2.19905003290268,0.129484280229391,0.763772600353145,13.5012098116523,0.366449971903915,0.774180848332087,0.753022727954707,-0.226971703197718,0.26962314073465,-0.997908353182816,-0.486324383973588,-0.735997436650265,-3.60614198573886,-0.0383158566586536,-0.729368256943094,-0.122758165408907,-0.218399855106106,-0.0359340019337185,-1.10756132666087,-0.368025520884045,-0.396554089000019,-0.628378172434726,-0.811546901402965,-0.829940784365516,-2.41456836561063,0.309168509691061,-0.796195114179496
sub-0074,76.2527465389921,0.0299129361130752,0.0453589648460153,31.0141973792379,-0.0267396769550969,0.179774784035995,-16.4320449622463,-0.00944792559791225,-0.201596621395957,-0.429915704184935,0.00309165038355466,-0.449106877618901,6.66451420292251,-0.289448681975629,0.255629970005214,3.3732773296346,0.486820107592164,0.83043074762777,1.68498850491149,-0.194564124775697,0.540196788008118,4.74018727761272,0.435505740552862,0.527864531545955,3.88144852950426,-0.125112429104146,0.78601015308262,0.678414917740925,-0.254226883698535,0.241566887113442,0.436591245109417,-0.0205211583611384,0.0239692635898589,0.0702139553816564,-0.170121554609243,0.0397930855751632,3.97810466988959,0.359337185675729,0.951587661658342,-1.29511183620581,0.278346530639924,-0.571593470052212,1.95771771226751,0.00315205523379834,0.648584966204995,-8.99639546333465,0.0581412323422406,-0.916921083034481,-1.33913884966714,-0.727839153516923,-0.822299458655416,-5.63666332907272,0.276154677893506,-0.848654977824209
sub-0076,-29.626714697919,-0.0433756557103113,-0.0640295719272585,-21.7943020582668,-0.111390487737795,-0.418349824728592,6.23797584646629,0.0833195990261736,0.383794854498167,0.10826182522146,-0.0283333522993285,0.350180719343541,-7.40712431513285,-0.401793600829315,-0.778042089097656,-1.54425180668428,-0.631591794245495,-0.845983628454317,-0.893377493187658,0.137894044487344,-0.71778496327361,-1.86702928592335,0.0690017592359565,-0.812024807712425,-0.751662382815986,-0.191724938334914,-0.806594170684989,-0.5248809287715,-0.0812690418735302,-0.727649134617932,-2.55261866781335,0.353416705139438,-0.376766362661221,0.0556555386170959,-0.234208323857413,0.161187155444754,0.610906836789092,0.621050181352251,0.887941792100257,0.733074607805232,0.266515808654511,0.806523559965178,0.212793301514476,-0.445556485499174,0.398738296938033,2.34431876505212,0.0711018956832913,0.887891944729054,0.119269723942129,0.635548224536915,0.537149804985486,0.355578915224577,-0.153373601836861,0.586572294637399
sub-0077,125.947076020749,0.198351783481098,0.14079422928226,8.69201273509077,0.00252258312071751,0.114911898052404,34.5013642701732,0.152086881267913,0.568874032115045,0.4567922209169,-0.246767812277043,0.610909557306686,6.84291140380188,-0.10275705349603,0.553599066289549,-2.88126444813395,-0.494711726178339,-0.915829341893728,-1.12244608716295,-0.266371807305328,-0.829087910449658,0.105050806296733,0.0711910315877602,0.0777137242431141,1.25385965618213,0.0856293161297104,0.867474550834031,-0.0820363043981739,0.153057369032835,-0.10843627563405,2.65500033208644,0.0896944241431613,0.283520194171077,4.39709737915911,0.045129516177181,0.903243343266257,3.06711251459021,0.753698605027581,0.98328591044549,6.47118109788808,-0.103386669736964,0.891411136236738,2.6983960791658,0.660110920401136,0.937076046961459,2.7577051689084,0.520227997152258,0.935043325033871,2.93868847636117,-0.458493288208045,0.847868063158195,2.00452353979644,-0.574613041856166,0.734857359061343
sub-0078,-38.6061861833535,0.00736795952699349,-0.0253051902501554,-38.7055330850071,0.0499006880301265,-0.282541507834623,22.7442112980064,-0.0712290161437622,0.33247113426696,-0.661260779462174,0.202071875868197,-0.425498325943536,-4.63065949938991,0.0104355836737245,-0.445824926617726,-3.00649337933333,-0.308014426616638,-0.815313744985187,-2.37670913054935,-0.0182398332099871,-0.842301210395859,1.06229787559356,0.431468296179409,0.3949935619239,-1.52418012068206,-0.354669271150308,-0.690758259491887,-3.80423962701375,0.0168118553781236,-0.874725094870274,-11.413303190111,0.0872298895443794,-0.581076659965739,3.29613848406635,0.400253891923815,0.844496580175946,0.399533428405806,0.183068711188139,0.267279227450768,-0.475743836642894,-0.0762073878399736,-0.185513776384188,1.82260453087931,-0.042198817315302,0.77694463869357,3.14882613206295,-0.242019472237383,0.797201099315342,2.89821110144053,0.365226061248194,0.852452962816741,4.77839810400365,-0.42117855499995,0.895121981426685
sub-0080,-15.0102747681884,-0.034854901464203,-0.0105937679902767,6.00649992384142,-0.13487905027687,0.0392726782965564,-20.3304304147915,-0.000971303616829883,-0.310723175983388,2.75514886276687,0.432149331074495,0.968610868732688,-12.8955243333873,-0.370962622525919,-0.569036817783648,0.231646453343768,0.70956998054776,0.114848219993835,1.65067431406741,-0.284001026938935,0.625727423479524,5.62367134341956,-0.683297262393871,0.651021618815575,1.03654912578401,0.367154912766227,0.567157336531111,2.61185462287516,0.216393474661922,0.782916207292963,2.92562470872136,-0.0541550641527959,0.163398817967052,-4.90724051444251,-0.191209425145892,-0.78108712218651,-1.40395603621806,0.135960952838739,-0.886106120003375,-0.821379448898308,-0.235578538360018,-0.310615132077733,0.372943688151778,0.0733848387808443,0.332428541708412,-4.44998911579529,-0.432428580967622,-0.859642575500035,-2.46252890215987,0.000358418597366729,-0.858098310134195,-0.825177248403252,-0.330322701001082,-0.596731500480646
sub-0083,124.552979303768,0.125826150331646,0.118719455537464,27.2986144360696,0.110063079785747,0.226441827814186,12.3387433354153,0.126951704104711,0.241889190592907,-0.432629994956271,-0.507890332264066,-0.288862937793662,10.3110648781233,0.185190441056551,0.658075264422224,-4.32653011463933,0.0628431490568023,-0.899241749122707,-0.870140694035079,-0.139370890175938,-0.610966328823476,0.668209296615898,-0.203024432383781,0.190740969813833,0.959023724905735,0.451183861564261,0.824690965488839,3.7529439391612,0.619096056494788,0.937592633978959,10.5392459049777,-0.00275022805261163,0.512880375737125,-1.56494306449937,-0.665917425698091,-0.733721396434513,1.69449231107161,-0.470220307093689,0.687883116999048,6.0403700385013,0.0912331861749731,0.902026359173288,-0.328976720282067,-0.553615949090107,-0.276292869941395,2.99444683132679,0.584752837393663,0.795823680568522,2.36257883607962,0.154512215374383,0.8747723170558,-2.30147437437438,-0.575247217655376,-0.85186810943401
sub-0084,88.7792118254443,0.0815066621252032,0.0922123048609639,44.2115509369523,-0.000263114221988873,0.340201969626035,1.20373813094895,0.134383754196787,0.0273173244133939,-1.92036187881724,-0.217030214622162,-0.954058913943126,14.6825387355999,0.0821866260266273,0.765388354275688,-1.92842135431153,-0.0160826062146135,-0.825691003054693,1.94906572557925,-0.220264828289074,0.732664314104481,4.22713206733948,0.361047679429624,0.846935510596869,1.71164297288375,-0.238092889047908,0.824187184984204,3.45817864806338,0.467422621372561,0.925560650017215,9.34944430435735,-0.298724680340824,0.517837872822888,-0.822816611880489,0.0728642263496449,-0.581731779543085,0.396317295784865,0.118245231553075,0.653427727809071,1.90275494578619,-0.441150738453658,0.706555940818032,0.0875888119979317,0.567470976550481,0.0495410703863247,3.02930464284592,0.495143023290309,0.744245488787734,0.315400618891585,0.580737921342821,0.48631578171418,-3.8413366304225,-0.519203229361235,-0.954086049697118
sub-0085,-38.4856217564514,-0.0729866045266317,-0.0595592543054894,-15.5933015188589,-0.0196061871618266,-0.29345688159247,-14.216530272067,0.0163359771323377,-0.301771275925097,-0.108034706019056,0.425842751687051,-0.333376020263952,-7.46696482414304,-0.190011658272672,-0.851518069918153,0.000780689561826793,0.365089540866364,0.000505602685912354,-0.119926412921271,-0.0625754159611049,-0.185665119039127,-2.1309970861541,0.413004505594556,-0.692612500656891,0.118302707461034,0.0734850842393137,0.283713054457861,0.465562368199002,0.234069411821698,0.3209617762307,-1.84689313334779,0.0225006801166229,-0.440847146895776,-4.85284947179676,-0.617893813473631,-0.893628606863012,0.930251192058955,0.0184446776936052,0.768819016727588,-0.76830870798806,-0.290248672490797,-0.698500863934386,-0.3093526664509,0.00510341928252192,-0.481814940906131,-1.12395870584701,-0.402388310279321,-0.580840700375305,-3.01988017239112,-0.496100177300769,-0.914596752013293,-0.508468992077448,0.452056821327686,-0.644935304640372
sub-0086,-101.3937090101,-0.0603097065356487,-0.0709743853559208,-23.8538935884939,0.00819654523880657,-0.147968554033494,-10.4090949786502,-0.048357485616684,-0.14405834219142,-4.87953587207768,0.268375578515849,-0.93785613711792,-2.16840856325524,-0.274224044243593,-0.155055661587731,-5.47152804907406,-0.670000147058776,-0.96388469404419,-4.08828129685776,0.168014195447944,-0.825472218483427,2.80038259126521,0.462105395247034,0.549087706127599,-0.0970093521665645,-0.161269299945499,-0.0498156249895304,-6.19192911665344,-0.452666074099849,-0.871243260345461,2.93319342794544,-0.241172888988146,0.165365979408098,2.45935704780251,-0.0598420478396463,0.721970222297079,-0.847570122835532,-0.277843914946982,-0.517677753822172,0.262665513705543,0.305271683400923,0.11868807822163,-2.23459736273767,0.179444125978572,-0.653353841050863,-7.21893167139404,0.202338752958186,-0.719506508255923,-2.57026951726104,-0.284990027914944,-0.87134793788183,2.90056535446425,-0.228743738942191,0.701707313820532
sub-0088,2.75821891602299,0.00645300708904731,0.00235884560706333,-22.0738930205692,-0.146857128803046,-0.181408448542927,0.823272225252159,-0.0253907015866857,0.0234459121340784,-0.527825754116029,-0.230364292620932,-0.734157767080274,-11.4343506146539,-0.325725230882572,-0.657180365933641,0.278170972437314,-0.489665879467461,0.140291745230529,0.817321662915074,-0.14142640977801,0.268539203978943,1.18329534874644,0.0989200135317823,0.31994888221117,0.231450534173239,0.104192348708546,0.203512712959318,-1.48782047361731,0.308523006570238,-0.662916112207981,-5.07614424752848,-0.158934224967687,-0.359666583103936,0.144301597623581,-0.417121341289619,0.142874071911504,0.192706738203073,0.270888005158947,0.167722378503677,-0.322876703146601,-0.0370793984974762,-0.14711743135125,1.00122103778896,0.210457447941939,0.655071972920279,-2.65767283132982,-0.0161064631098658,-0.805257935031231,1.32308768240082,0.742060369602585,0.912187441691616,1.02075042297145,0.108793338437608,0.736205743162173
sub-0089,66.8864238584383,0.0580274581662029,0.0723579944676938,42.2130925011187,0.161425954835502,0.408979671405394,-11.8290256046269,0.0674860100504666,-0.229877754377383,-0.423749690256854,-0.123164765260021,-0.689279886955825,6.63261241401623,-0.0274060071722417,0.587497278478733,4.32366111026229,0.793491183940758,0.886282902250462,0.31187182276761,0.0866588445779291,0.32810839172457,2.48314934965662,0.398212714581827,0.527184611172848,2.00627678883468,0.0979530688889528,0.862347208114935,2.12286057072805,0.658108674059624,0.912235688127842,12.5123093210143,0.0985614276998286,0.68409999608491,-1.17040321823962,-0.183035335075455,-0.505079542299311,-1.64759785564736,0.0880260989160176,-0.622519967273009,-1.15314499200619,0.47696703721095,-0.263385276077291,-0.984226810295917,0.280551055862515,-0.5679916203995,0.520670253106092,0.467172277950188,0.15019858561668,-0.805841782121243,0.403957672094267,-0.448052533899083,-3.39966061334708,-0.0529823095639798,-0.952453471081302
sub-0093,464.504870047147,0.128833549241254,0.135481870472563,238.370032106148,0.0987333679231523,0.517342763177211,-61.3615907499406,-0.0883504093800805,-0.446416447413921,3.35231989392102,-0.180477161068126,0.832262061227924,81.9467067406267,0.375038243482305,0.904905770754222,7.08684553633966,0.558817577858908,0.881310462854323,3.08441746160012,0.131912217164073,0.761535350402993,14.5616049114582,-0.397793275148714,0.767388451579395,9.91124765093233,0.273267233310068,0.87164184609141,16.45086751338,0.575073330497491,0.954173383238657,34.2451170355983,0.242163075469656,0.76796406006482,-13.1403815522924,-0.441068058113137,-0.895743329085481,-5.78874530889057,-0.423111713956922,-0.910493101540715,-6.86360690650994,0.420819719106436,-0.664729320721444,-0.0076530711121548,-0.0543158236224384,-0.00246353665764138,-8.13654222849554,-0.387811678364364,-0.907926575768875,-3.47604459937687,-0.53945814569964,-0.91992402172127,-6.19859763259308,-0.304618181535091,-0.872457585854602
sub-0095,228.302039271711,0.133600436071635,0.144061405550366,94.8845731532733,0.124104192860135,0.417752107314208,-18.1739884207816,0.0786251017798525,-0.206935131102624,3.75986955130795,0.00267025342165399,0.944693869389866,20.9405899520889,0.0239580817931995,0.686173117209445,-0.879435441678225,0.540193614644254,-0.500189811147904,-0.976819806069717,0.382441575941751,-0.541109702795682,4.0089940672685,0.16309895775815,0.736498235344103,0.239376918788049,0.32418950805516,0.144734585122571,8.1707619848423,0.620914876013054,0.931105478650127,33.3454562731348,0.237025431115019,0.777106133093261,-7.90832593240091,-0.605908249827506,-0.925401107722509,0.182814047367698,-0.600743526291287,0.115914179618549,-1.92859418754956,-0.15381032853131,-0.613007639841207,2.00991241591297,-0.432695888622886,0.710507938872167,1.38676946047937,0.384368493769962,0.343275132964896,-1.5180018933121,0.879811652125005,-0.489984463809281,-4.2607736016417,-0.446999292326954,-0.951209290079985
sub-0098,243.189459591476,0.0970785047736607,0.110118988529758,118.41037456159,0.0220210944929525,0.408063595401845,-27.7094352853198,-0.07552453565313,-0.31944337121222,1.63222772232193,0.707538934772952,0.80926752847612,24.4781770737316,0.0931626697704405,0.619526918618848,0.866182173461645,-0.113705860614924,0.419901167354755,4.10289521209643,-0.25758049425356,0.715547247741556,12.6043642028445,0.70693482665113,0.934073193710454,2.72859512667307,-0.208603952597952,0.737674082481313,5.65685829906486,0.2247773804476,0.855663129589844,31.6851124679323,-0.0735984222484495,0.714394385585692,-4.93421141628298,0.0433836677966168,-0.859888343257733,-0.68487581854839,-0.525247524295661,-0.327707532375279,-7.64089031161559,-0.491369718071117,-0.926541431587263,3.27029362515571,0.0360938340118536,0.578710132944825,-2.68406315704124,-0.357357525216861,-0.437779576961407,-2.93002029976406,-0.107093398390696,-0.846063967053602,-3.44666055184398,-0.261107656277153,-0.920586100295657
sub-0099,44.5353697435624,0.0684204709265578,0.0549343391276852,-5.05603881748119,0.00654346669203077,-0.0747316431108407,11.1062212273531,0.129165970776136,0.307928612842708,-0.674453415185232,-0.691887553677838,-0.706080620827725,-2.21298519032467,-0.11574633882238,-0.287571353501817,-1.20869651329621,-0.0638261841536665,-0.800664096652456,-0.860626454844983,-0.290133928525813,-0.695531443519992,0.343739907190648,0.506974930853396,0.173734995605508,0.372927139693092,0.546237632911831,0.409302874023936,0.359974941466257,0.14990597481849,0.209330913430388,0.640985656069607,-0.0503552688255989,0.0760680023613828,0.691886786244563,-0.0958609762337643,0.690747652065799,2.59859544695594,0.336589843579474,0.876064365078551,0.541101536827381,-0.511800025537586,0.626756607230722,-0.902864149854856,0.0948201955962973,-0.549590982186897,1.36816681696821,-0.0036562034441099,0.691347237776348,3.72348849527921,0.606776344046433,0.927837504094887,0.116409638281498,-0.329139960064138,0.205135896576419
sub-0101,-177.013856737154,-0.122043034162724,-0.123004094467303,-114.859629433839,-0.167989940433401,-0.539177577007937,29.9859676702791,0.134195795389689,0.516692433051039,-1.33313994497744,-0.135791048285088,-0.91418798700574,-29.5372219496984,-0.213598350678982,-0.814233834558901,-3.11529488214993,0.35080938994567,-0.794318921068855,-5.0402487498494,-0.21607160819823,-0.923174240467855,-6.48458774298373,-0.300785589455106,-0.8468147244484,-4.11357991594404,-0.746920457294796,-0.957036369323594,-5.5822666416082,-0.383983560222269,-0.919440115404097,-26.7645230853342,-0.285090591304866,-0.826952290724642,3.61351953905099,0.275184068202023,0.823640811932735,3.36922387008886,0.415656581707349,0.967721571745489,4.31528138277156,0.132634812290027,0.877654924267897,1.4496625694815,-0.105275890438732,0.686134212244342,3.22132999651221,0.540085519268738,0.954201784482282,1.69437941817764,-0.554209544902928,0.743924387435985,3.87638754390413,0.186174890519865,0.944734680902213
sub-0103,-66.4527031664124,-0.0523700690502331,-0.0703965258118592,-41.5755992607574,-0.156966476641985,-0.4096543830412,8.20843397167636,0.0417176731124227,0.203634801062436,-1.34112746596135,0.0660614474465933,-0.856902372742949,-16.9553539692103,-0.390454019035834,-0.848305171173884,-2.34641605943654,0.185879564985313,-0.810956332412727,0.497399781496006,-0.084662931798819,0.327727631214265,-2.57629169588836,-0.0594158816142809,-0.69684133378129,-0.48360600877447,0.400662338427065,-0.346267095756779,-2.59850896636433,-0.244637947920172,-0.899560956491051,-3.51910976944232,-0.255729112986517,-0.395497013345253,2.11605029874588,0.314885591890453,0.812001621924819,1.46075104873409,-0.310556123237103,0.725969974897282,1.01130197979367,-0.119436761479845,0.649994249089014,-0.963683705558291,-0.269434101614204,-0.58001829324127,2.54145206995752,0.257986135857696,0.928021507295181,-0.394008649654183,0.365092820221264,-0.556442273197671,0.00269701815606532,-0.307519774279195,0.00116826428364187
sub-0104,-36.2987772055051,-0.00303414514965771,-0.02814070997675,-65.3345003777837,-0.16631387946434,-0.429379963118386,13.9477329470777,-0.055413740899389,0.287932898448259,-1.96817750796188,-0.514298126688406,-0.944397781273928,-12.8565619880537,-0.121106456923747,-0.667235662875363,-3.92255733679538,-0.720487453463003,-0.948666360607861,-2.49793502503665,0.146861400733146,-0.824379632477487,-0.390598808425955,-0.309180163520696,-0.109592407161701,-2.14064382640932,-0.399161606046397,-0.893786990468265,0.276163090763321,-0.0778499045830167,0.197386184349559,-22.3617487822228,0.00141219684779296,-0.686789156209639,2.72353632603319,-0.0674402847839796,0.842768187419659,1.26581811445369,-0.0361659497813885,0.800707796125749,-1.42056185232793,0.0677922810182891,-0.64396356849782,1.11330982739965,-0.0283533386072887,0.660600114437675,0.259480260128418,0.102324690280006,0.130035926042576,2.28180084732301,0.752776907992999,0.942999179261995,3.54081133294387,-0.0524126471018612,0.851979927584787
sub-0106,275.3496623335,0.0969115819736339,0.10959914920482,117.175558886522,-0.0783916863841619,0.385455457241221,-10.9526935602583,0.0682168066549897,-0.0904419824492574,0.664394566895308,-0.455863705982056,0.281092666153569,35.0136667927153,-0.074303972223076,0.758427311699429,-3.9074999924359,-0.147226783620197,-0.850115698871085,5.35627736024329,0.265777479037779,0.844357174856521,8.43191831310561,-0.611018978200158,0.739820055304652,4.18154817643571,0.68150941430006,0.94705049088104,5.87781233292564,0.488370378198987,0.943533578526475,28.1452749949284,0.0877296358375984,0.738183647281341,0.334277216389521,-0.584753213155432,0.0751407975759996,-6.09472641276189,-0.17675368192146,-0.945555583585221,4.09971318956176,-0.461796746249483,0.814768257424798,4.61717494877358,-0.610434256391974,0.676548110246771,-7.045389277284,0.0466004670530444,-0.924498828937465,2.4317635684085,0.42380653964581,0.834921892125369,-5.64855236157044,0.286141362333046,-0.783622506368807
sub-0107,-176.4719117031,-0.0806345118610727,-0.0958493951456285,-124.657636267673,-0.116539807240629,-0.502979756289006,34.161393094254,0.0899861581055689,0.500529863449051,-1.90936212236871,-0.366876472416748,-0.888092983639395,-35.2699719057433,-0.235234547191612,-0.850101968689733,-1.79024077270917,-0.755583887987957,-0.677847347683412,-3.08595334429989,0.333253823380985,-0.782542012235435,-9.04371227246619,0.186342349934592,-0.803513318635504,-0.332674220629534,0.799812007332497,-0.133572179475688,-9.6776740475068,-0.375840959573738,-0.938002716151396,-27.6712176916111,-0.194200176019731,-0.754932684977321,3.67319975979407,0.0528954960210897,0.870622718345757,4.13313257707924,0.333161520172962,0.959482038139708,5.59941086180801,0.502394139539473,0.891115568387475,1.63981245467464,-0.275419286384377,0.588493546202747,3.15825615064409,0.145984613524149,0.918672691969525,2.8317975165753,-0.471520619105083,0.754866506694202,3.28343937041947,-0.158047218026725,0.878966345655241
sub-0109,106.751663544001,0.0873657496211844,0.102740991035306,35.1236731777464,-0.0138154176073838,0.311127392362168,-4.98814615400287,0.0371829892012841,-0.164253471057792,0.387154854802696,-0.203574962506751,0.550567106773208,5.13208687835616,0.0263390152772891,0.444999363675672,-0.722367430034702,-0.4280745440583,-0.700153350140504,1.45054709902041,-0.317100935145562,0.580691380824109,3.26509136093474,-0.0889338897399115,0.741949490794917,1.37178885642424,0.00578486593700876,0.718309068912209,3.59401174372929,0.469130537088936,0.80865271136801,10.904678726565,0.162741927589268,0.731375774306383,-0.555983377532924,-0.396688355741443,-0.466828255982577,0.546521134837491,0.216151866909894,0.64357611461014,-0.0371214245250426,-0.54276554887032,-0.0230410378807897,1.01311358753915,0.181464473068651,0.610895189362297,-2.25575360623733,-0.479872479186607,-0.804002126210129,-0.291041076848107,0.256140220631647,-0.429929600480565,-1.6672840805395,-0.340194643849538,-0.942051303861025
sub-0112,9.76905822690267,0.0103063258783922,0.00426368008135654,-41.0014461827051,-0.0144556686357767,-0.131912204748452,31.3971846637946,0.0601317649156009,0.216228373526942,-12.9508807224777,0.724893628631865,-0.943337615991111,-10.6173878717214,-0.143903861402281,-0.287770962295369,-8.85786855026053,0.516588780050629,-0.761644702916722,4.97846501685693,-0.585580564175534,0.783968405367895,3.89719269090261,-0.00195685082829358,0.731269129198398,-5.4852375099084,-0.33376568164902,-0.839823135657195,-9.23280093019607,-0.384270405195293,-0.871799998324903,9.2038115526264,-0.0488880846055912,0.306234435182529,5.87778430971889,-0.0927483927622254,0.698389767269162,-1.63055190506662,0.0839016945568136,-0.809453792998129,13.6177535891614,-0.612148624789904,0.779935136551455,-4.26123375228066,-0.00810064848265931,-0.471816501043118,-1.97484583825848,0.082584744247336,-0.319542384945852,4.97600346653197,0.555594402307875,0.823129235364495,5.55995506162644,0.419239012494006,0.949963778508332
sub-0115,-168.503661758329,-0.0964373046843927,-0.109252785156366,-115.291310962896,-0.122522628337626,-0.526465107018092,24.9136117011981,0.0984910894970917,0.413890390422321,-0.559827343870763,-0.390905084892931,-0.650153183477381,-29.595040102633,0.0999075071400178,-0.79051927499139,-4.66521561571622,-0.672464897023273,-0.956393759851702,-3.52254503415207,0.24495987010279,-0.864759840259776,-6.32573435307858,0.596965612244858,-0.737791275618333,-2.15516965805525,0.0338935836794352,-0.842834804105561,-8.44365036877225,-0.316379322468424,-0.915444587594963,-26.6883378561299,-0.386057305948395,-0.84184741933299,3.06558133863785,-0.109582362972442,0.767202693854532,3.33712366813822,0.468719741264646,0.918082802413457,4.66807606716557,-0.114341838486238,0.883933602917908,1.34541359904723,0.391530473613773,0.691556616297746,1.73058903522938,-0.257891268354708,0.720190223357092,3.93844318221784,0.574110920947602,0.918713362098904,-0.290324856833572,0.0899095276686145,-0.122537949893191
sub-0116,186.15466831892,0.131035708798436,0.140342140860002,90.3381866410067,0.0781084240088773,0.483570865182429,-22.4302345075052,-0.0429217142939024,-0.409035265642241,0.907880581614364,-0.16352668000272,0.641750933376736,17.8442126164761,-0.123539697655779,0.72582718070276,0.976348714332712,0.180410550136712,0.57349594486241,1.68968838875022,-0.352795269302247,0.493336271302909,7.89883706066804,0.302717197742845,0.828817340151926,4.17446173636859,0.395936403291803,0.892217131651923,6.20998019896617,0.348711937397171,0.926545166476865,25.2773453957697,0.135567137306817,0.839022125698273,-1.82742462679012,-0.532574706430651,-0.94461942960606,-1.22781784468284,-0.196962040044584,-0.92944375732601,-4.41859632915582,-0.157829843243053,-0.928418805566441,-4.25452257896176,-0.41692168048845,-0.890238538743407,-1.07789583164179,-0.211634578708505,-0.526661994297685,-0.204893614112295,0.871789526214161,-0.103601012668581,-2.97609395510151,-0.0984329873903929,-0.844982532892116
sub-0119,59.8306504898366,0.105068899335678,0.117801798924845,25.5033091829801,0.0382035160356347,0.37154909601056,-0.976028461688361,0.0943763113182536,-0.0410410790881252,0.52609920816869,0.218095581626273,0.900154251112055,5.17297607933206,0.0609951726851918,0.653287579220821,-0.147932231909699,0.391980150808638,-0.0709668937773939,1.29887619274798,-0.158850912602,0.72212053725956,0.530595966259251,0.0881561682712848,0.379353612998806,0.82582545764696,0.110630633354039,0.856165631956818,0.847672282678804,-0.0805699308392376,0.559843273009261,8.96227612738812,-0.0816509734590554,0.742936328005559,-0.356914949311346,-0.503992689713579,-0.627020686068177,0.175349971672187,-0.293784869660556,0.407815492576361,0.178102068711123,0.204794547084548,0.15859167231233,-0.337031973856577,0.234155604921389,-0.439399011851147,1.53316637531154,0.571146166066583,0.663689260403845,-0.413519773678952,-0.385253326670542,-0.596423208103129,-1.50286146009813,0.354024441881793,-0.884048144327996
sub-0120,17.4760736644664,0.00169848140348636,0.0240095233330835,18.9968567036242,0.0748882568094232,0.249498605373941,-7.32859692737293,0.0540741600623749,-0.202588006683242,-0.677302184429479,0.577203053643724,-0.690947134430382,-1.40020188952686,-0.148068725564831,-0.289789766003454,4.85308303976476,0.684859418051579,0.845580644667439,0.54853287703624,-0.0593388607996876,0.511562556588648,1.65967111675421,-0.355589048251275,0.613063386705645,0.0662513061052297,-0.192899803169909,0.0915704976719856,0.838280983666356,-0.191182516338446,0.591811081377024,7.18725366829586,0.174509019603207,0.582111457356135,-1.96199454057696,-0.417930736621874,-0.869402252009762,-1.11642403583027,-0.0119704611340406,-0.908207624220581,1.38670249379811,0.309787251933543,0.709889929450914,0.497348805072367,-0.146131371199801,0.561442779207848,-0.200272696983426,0.101343730844864,-0.229030052960382,-1.01533909523318,0.547026181643922,-0.748647412792536,-2.9015198066954,-0.0952842252328803,-0.930625663824306
sub-0123,-37.3929512979065,-0.0690661766935935,-0.0804782389115458,-18.9446303790796,-0.136591919602073,-0.336694592860426,1.99044653662641,-0.0865109383328115,0.102715360380223,-0.543726478526414,-0.250341661921648,-0.780071802708758,-4.01997258285001,-0.363947678670047,-0.629842696977511,-0.576177883026493,0.755000959480836,-0.408493790477241,-0.229576384391756,0.649782004512911,-0.365057685190327,-0.408968102993748,-0.384219308704926,-0.210254999269026,0.317183234718308,0.386892707720401,0.502998700033544,-0.470010797725709,-0.217972040826428,-0.542149191811931,-7.62685625152987,-0.230055854020424,-0.74794278021457,0.478718879979398,-0.0423646253909025,0.534786381661528,0.319655069315018,-0.015421233624118,0.550695224226631,0.154217897480821,-0.293325006665157,0.127468191056599,-0.124705519277655,-0.401799729617062,-0.231567687629828,0.118506694547448,-0.500216611925307,0.0603266452682571,-0.178672843449232,-0.0948620490992338,-0.437259975928104,0.678397457246664,-0.206322470245864,0.780035485290456
sub-0124,-242.785526566231,-0.182918605151852,-0.172061231127843,-114.705071057788,-0.135061087294293,-0.537288351411567,11.5331769063985,-0.0492550521317493,0.224687709297722,-3.3837767009358,0.559450054096107,-0.915687761135473,-28.7673811734649,-0.410202623787514,-0.858970677768924,-5.20186279899889,-0.589363358731231,-0.933887847746157,-4.18498061632156,0.569718701584056,-0.790008007423689,-8.08636242960415,-0.280455209819001,-0.875225998756274,-4.8345446385061,-0.355134908875944,-0.890915796151775,-2.36547335656377,-0.193921848958552,-0.792908998740241,-24.5642291393998,-0.108997733461295,-0.791035224379036,0.72070032173079,-0.567778817857785,0.312581084628203,1.44220605328388,-0.166805423114512,0.823191220366287,0.397906162145375,-0.077689310364358,0.290735925144214,0.528091271346889,-0.417618271865925,0.418868669940738,2.64618883922834,0.325741043014015,0.771167842877364,-0.843482663366435,0.432234307363122,-0.64832476992781,3.39807742176927,-0.410544288111293,0.859120301961617
sub-0126,-104.718447870054,-0.0165950544372362,-0.0540340932263073,-119.341514603441,-0.102888783491564,-0.536702943777503,56.0981988884023,0.00339349750989581,0.51920641571553,-3.61997912755265,-0.107941075650113,-0.959364944904425,-33.4043098306941,-0.368902235614003,-0.8796921377697,-4.97444324484459,-0.599935899725005,-0.911099318729678,-4.02022434745684,0.298479820990703,-0.903807914509894,-3.41193597801195,0.580577002033485,-0.572723313327094,-1.99020701047969,0.348742543266671,-0.709980182542576,-7.41553286269145,-0.480084557996173,-0.939308777133035,-25.6655098991319,-0.0671994420537069,-0.796956159569997,7.14169116127919,0.0935276034803815,0.934920292497271,6.9201313030395,0.40597319621889,0.948617978163829,6.10482274639284,0.29721239537682,0.942146414757658,1.80395032638139,-0.287247983798009,0.78177703865845,6.48672513627323,-0.0250135961625434,0.877101037516937,4.75122179266163,-0.503901725733884,0.821549868875711,6.39765589263435,-0.462657397537215,0.921584489055772
sub-0128,-17.8624947898229,-0.0381574360307835,-0.027255555542958,-11.3559402370017,-0.137740138119609,-0.146915590953921,-11.65344744302,0.0029498143483215,-0.379710299596849,1.12944324056119,-0.556848453816807,0.808601239775759,-7.56106946427551,-0.406723818139864,-0.545335541629151,-1.73470191757763,-0.628516111877247,-0.807030060605834,0.14964669000134,-0.57162344483029,0.176974517358763,-0.0532210922785955,0.514053298301359,-0.0251250363895287,-0.460535180785497,-0.301445009356729,-0.585643232673097,-1.19476707592632,-0.35666101146528,-0.726816031912945,1.79145015068231,0.180893049054349,0.194081500532327,-1.56750034842567,-0.424634492083657,-0.908522277698462,-0.840979581191428,0.0833098559267938,-0.715032287862314,-2.19620801202082,-0.410315757155934,-0.885139944012061,-0.498469935547441,-0.287965941373944,-0.383950211788856,-0.944964230090828,0.124597951943134,-0.505177850217279,-1.41049756696959,-0.0302574707099687,-0.869542927757965,-0.55026821628736,0.246234426882459,-0.436929092868261
sub-0129,356.249951542541,0.110171273007056,0.120411624215919,153.017412325931,0.0172829161004669,0.395041913577289,-49.2419363159358,-0.0275895633130135,-0.273537988543449,1.49473006464798,0.11197035271743,0.868229694069542,27.150240768552,-0.0662443330147552,0.500741732419882,0.791045530255046,0.686879977076845,0.355972967118829,1.59470413761557,-0.510085884552312,0.381123678821961,12.8019853426502,0.148455465031015,0.824520889801862,6.54257021255566,0.481619823113427,0.903606270137879,14.7361567044137,0.617558621395088,0.957266118125364,43.8509532680381,0.0921656830135104,0.679698936593826,-6.35780613681845,-0.650309810790924,-0.803937952106876,0.974597554958538,-0.0642844754456307,0.481554724342967,-0.751898325752758,-0.0349511562510077,-0.3121805590018,3.42319873299059,-0.366741264253699,0.531473031776519,-6.70402293554394,-0.369472932055319,-0.907679531553123,-2.94365287512756,-0.231807985297499,-0.851377998086358,-22.4359767186691,-0.507796977917567,-0.967243002976798
sub-0130,-321.087116187825,-0.226588821258055,-0.223675021047303,-123.541948154414,-0.157678648487975,-0.534402291800222,2.25577946355507,0.0745286533078391,0.050238186733255,-1.74157439815968,0.0771562260961772,-0.910885726659642,-42.5827926237293,-0.354360394980617,-0.904036164459609,-0.196527533594362,-0.737619027358815,-0.0651291079179329,-2.65414584958079,0.362640287729073,-0.695909236651545,-9.6546734991816,0.0890628387257009,-0.842555520151403,-3.53844449693431,-0.609512645965981,-0.938131651536705,-5.50743746101618,-0.108603583038694,-0.855042310757389,-22.5594619775012,-0.152149484311708,-0.786279753648949,-1.10533621288447,-0.050241026614261,-0.516934267265844,-2.03728650006182,0.104646002375814,-0.919728642322605,-1.89623745900367,-0.0771558749986179,-0.791643058033234,0.41403897260092,-0.0387913739270346,0.345103521804945,4.18741445193496,0.00417198084895776,0.854062038737862,-0.0574241710544904,0.858377017496295,-0.0381211726134377,2.35854905287765,0.291763288010836,0.763678189820303
sub-0131,-34.495940052012,-0.0332526886309836,-0.04622957236439,-44.2951350714597,-0.129404290425011,-0.501432751834928,6.95456088566043,0.098704500208937,0.253586728486817,-0.626151646066905,-0.108832637058545,-0.836075513750613,-12.3083622631165,-0.183879252535943,-0.848703243763799,-2.04649850297222,0.153865924735511,-0.848452648061338,-0.919615789796996,0.1190710699197,-0.635915918054185,-2.6978585140042,0.400160679394137,-0.624850524951611,-1.25524922964479,0.0246792281115714,-0.850814665121312,-1.68210609265882,0.371339302238732,-0.737795687604693,-10.124429362491,-0.334608772818819,-0.795637962035597,-0.102810554404922,-0.390354542179798,-0.101119376210369,1.79686140696443,0.0202825065913674,0.791958378098131,3.8153154856595,0.153614372243529,0.900214843891745,-0.0656189701117352,0.276849312709124,-0.0709202240898658,-0.0612464601999453,-0.495628635793921,-0.0716941977107393,-0.0970589681622278,0.309501343077906,-0.243194151043202,-0.231368882581352,-0.0102576868357839,-0.366848594579755
sub-0132,219.084481102423,0.13728264819207,0.146180489203005,91.9911510851517,0.111442751872211,0.418159073788591,3.60296945200498,-0.0376751206925895,0.0717625081867656,-1.95414022825735,0.414301452650946,-0.664433692653657,25.7060452290585,-0.181974846993509,0.742962613912819,-0.690161666932534,-0.294323485483343,-0.37887995584794,2.70908634190872,0.0815486404321304,0.837680521255194,9.300207011485,0.410287076858361,0.743384987071862,3.06623999514805,-0.227131855409063,0.789136602191127,3.8553536027762,0.355331789683791,0.881197268189992,24.3252615115668,-0.0395096635044287,0.711986213202563,1.17894669134218,-0.000727197730822924,0.35793627256067,3.28787630652899,-0.27415614520495,0.875121857698751,-1.43611217993662,0.196795456974506,-0.76786181000557,-1.92569742744723,0.152249707794126,-0.579707559246867,-0.0986532285489007,-0.368591105284866,-0.074417722550312,2.01869884769771,0.0445629257191271,0.828017509289775,-0.198311547305762,-0.00247496005598751,-0.155105733432611
