nps,nps_corr,nps_cosine,npspos,npspos_corr,npspos_cosine,npsneg,npsneg_corr,npsneg_cosine,pos_nps_vermis,pos_nps_vermis_corr,pos_nps_vermis_cosine,pos_nps_rIns,pos_nps_rIns_corr,pos_nps_rIns_cosine,pos_nps_rV1,pos_nps_rV1_corr,pos_nps_rV1_cosine,pos_nps_rThal,pos_nps_rThal_corr,pos_nps_rThal_cosine,pos_nps_lIns,pos_nps_lIns_corr,pos_nps_lIns_cosine,pos_nps_rdpIns,pos_nps_rdpIns_corr,pos_nps_rdpIns_cosine,pos_nps_rS2_Op,pos_nps_rS2_Op_corr,pos_nps_rS2_Op_cosine,pos_nps_dACC,pos_nps_dACC_corr,pos_nps_dACC_cosine,neg_nps_rLOC,neg_nps_rLOC_corr,neg_nps_rLOC_cosine,neg_nps_lLOC,neg_nps_lLOC_corr,neg_nps_lLOC_cosine,neg_nps_rpLOC,neg_nps_rpLOC_corr,neg_nps_rpLOC_cosine,neg_nps_pgACC,neg_nps_pgACC_corr,neg_nps_pgACC_cosine,neg_nps_lSTS,neg_nps_lSTS_corr,neg_nps_lSTS_cosine,neg_nps_rIPL,neg_nps_rIPL_corr,neg_nps_rIPL_cosine,neg_nps_PCC,neg_nps_PCC_corr,neg_nps_PCC_cosine,singletrial_fname
12.3007323684012,0.125711409095689,0.135084936464855,5.17765385999513,0.047702337376496,0.441037019390451,0.534209413214972,0.244737559510719,0.244963383870476,0.0479145259918554,-0.491522988316797,0.572627347589732,1.55862572829336,0.209036913238886,0.816822988064433,0.037317704633742,0.636184458087356,0.156882910359022,0.0893209073931042,-0.419614585010236,0.400469544749874,0.179400204903934,0.130491183701256,0.728010967341518,0.316034845108,0.456728802713569,0.921969629904855,0.480528981280561,0.284549260003198,0.864310248587271,0.98815784951828,0.064789310302826,0.604799066498746,-0.00432503449407614,-0.536585555988757,-0.0578147766903104,0.0939161731898744,0.611062999946039,0.907409011425869,0.106491677877833,0.0430547570507347,0.728428082999243,-0.00474878684643374,0.134995293188845,-0.0461271639773568,0.156766007643121,0.332597000025908,0.788910499631155,0.0930705687900032,0.164658930432185,0.828494323178547,-0.0394293049806573,-0.357783164006696,-0.672054791207096,sub-0044_ses-01_run-02_runtype-pain_event-stimulus_trial-000_cuetype-low_stimintensity-med.nii.gz
8.65479293387788,0.095137412001594,0.107392763987817,3.98610830181771,-0.0218857670791704,0.373643050795844,-0.281390383482305,0.210537676642639,-0.123459457578337,0.0221702573227152,-0.479058999997157,0.544216323871872,0.883628598586086,0.000428452777607964,0.626367637664839,0.0976326939771534,0.625285894349624,0.399185530107846,0.0892662627868397,-0.467871564542409,0.429977121144178,0.203156734637326,-0.639494728007342,0.568826852325212,0.207185749041522,-0.116388805974507,0.843879731828871,0.384906623499349,0.323804796841235,0.867870103322819,0.962727125756679,0.156868169221414,0.549607211951067,-0.124903442332416,-0.271014549201585,-0.915219977670536,0.0345325763379613,0.0915757372574094,0.673060096707307,0.00676668228578156,0.181726523774461,0.0780373916929873,-0.08474110639338,-0.130485841726877,-0.631577463974104,0.0581860188683633,0.561737368745146,0.183093599757243,0.00799725391523155,0.287797351129826,0.244427929349308,-0.0787688480087486,0.460565504065521,-0.821487711151921,sub-0044_ses-01_run-02_runtype-pain_event-stimulus_trial-001_cuetype-low_stimintensity-low.nii.gz
13.1855824840038,0.156956174291237,0.161638452275588,5.61924266490919,0.0607395046881132,0.450664629362312,0.210819724078326,0.181877472672422,0.0772714817136596,0.0224840797490112,-0.105859941237639,0.63926628913799,1.4038505772646,0.0871787670657199,0.785257421931122,-0.110131304566703,0.510910879000958,-0.506314303902767,0.142884046505772,-0.335479142187844,0.865313783426603,0.222940336695621,0.264354869603999,0.755663194616632,0.321528830311094,0.157652874730242,0.890046825302932,0.547639250540189,0.307453603009606,0.851790552088526,1.46370820736539,0.175106390455994,0.73996005171961,0.0384541914655513,-0.311944705923769,0.484171098549665,0.123548435452807,-0.0449623576694811,0.90283998346466,0.208464980700385,-0.305442180770896,0.792566453781338,-0.186074970574304,-0.145944033261727,-0.814236603472182,-0.0184159373383991,0.654128357564287,-0.0783408373246084,0.104529113371877,0.0718446531188985,0.858339895485244,-0.100006703188728,0.228268018914865,-0.913035409500579,sub-0044_ses-01_run-02_runtype-pain_event-stimulus_trial-002_cuetype-low_stimintensity-high.nii.gz
10.6175365998924,0.110615576609595,0.121044266200551,5.46233325651763,-0.00977662895819144,0.421105868998963,-0.521698325457607,0.157321368815895,-0.203007430777772,0.0342560628743173,-0.310007792612279,0.800567073125236,1.14903808988147,-0.0530137904643703,0.706134058222444,0.0842420012657107,0.489079343511834,0.576495146290524,0.14113140046182,-0.449912032027618,0.53281655479842,0.361815540111914,0.345017374241298,0.875256868682594,0.273869683539077,-0.257914462755688,0.827796251239126,0.457787642118032,0.203468698949898,0.838001315435775,1.39381185754426,0.124820461201849,0.641661352189456,-0.0841440236265345,-0.354708813076412,-0.86958411582029,0.0408069781806211,-0.0102059945104533,0.678370139337794,-0.0493056370074439,0.254008384247953,-0.647994222246005,-0.133878649099901,-0.235808431376745,-0.79774807753077,-0.118706678676149,0.498005943865997,-0.321619657343613,0.0614650623667485,0.744284146492669,0.911800044700012,-0.0728541350255246,0.0504877091476411,-0.819039444980139,sub-0044_ses-01_run-02_runtype-pain_event-stimulus_trial-003_cuetype-high_stimintensity-low.nii.gz
9.92310368979929,0.122964990091941,0.132154896147487,4.2583447506399,0.0464278734070552,0.413013024342546,0.115008008251611,0.127810734138787,0.0592755636743262,0.0246218880308241,-0.358070940363095,0.718266310916487,1.54842317171535,0.213071091801824,0.823488081718693,0.0952395299956014,0.527080814252078,0.487679651879236,0.0168285542472294,-0.585041092169617,0.16187358868317,0.00897189363181508,-0.238571387746661,0.0619739788190856,0.247411223683768,0.163100907017313,0.88808094003822,0.350704176094078,0.344914910083467,0.907078922671096,0.768114268441849,0.125906279996701,0.500163754452294,0.0779837036297298,0.419440164034593,0.762708429940414,0.0334513127941851,0.563115876634972,0.834062988950122,0.0290729429901464,0.326403076264671,0.453503872629133,-0.0896710469346921,0.150504145414427,-0.622112682325998,0.017834585005929,0.580550083325405,0.0722251849936591,0.0608720462250923,0.0982402079075796,0.846088695103521,-0.0417095978945983,0.0531316492276524,-0.672909967981242,sub-0044_ses-01_run-02_runtype-pain_event-stimulus_trial-004_cuetype-high_stimintensity-med.nii.gz
7.15299945657471,0.0890519535549829,0.0996738930349303,2.71918815166326,0.00608628868711979,0.332487022795402,0.356355423259318,0.20253832379617,0.181669866833711,0.0438245928912188,-0.366114834196611,0.75409211724121,0.851347202470055,0.0414588694081013,0.715933832716619,0.0483905298455554,0.600127914978922,0.17857930511922,0.16364142290898,-0.341411104508952,0.577343025644165,0.212076103420756,0.351091355539779,0.794303867253218,0.225690267708573,0.355542594354277,0.912986211201017,0.229261855574093,0.277227290162514,0.854811519775534,0.189642068213915,0.0865660560489309,0.171397525625853,0.00447223754381214,-0.518884444909781,0.0494313050224372,0.11201941284221,0.254739407634174,0.947563794986679,0.0692187443110058,-0.0222973669966302,0.578732636100591,0.0294215103205605,0.0857838975882931,0.361717703507028,0.0130156204413317,0.626357178424248,0.064677462787233,0.112251376550227,0.512539202165998,0.91353992169433,-0.0709673446446251,0.130846924371204,-0.861634346775604,sub-0044_ses-01_run-02_runtype-pain_event-stimulus_trial-005_cuetype-high_stimintensity-high.nii.gz
9.6400685239385,0.168824889681739,0.175804343130818,3.25700699032692,0.0547822103929019,0.440590713156295,0.892016279019184,0.232299369559902,0.419657952764199,0.0536681131049491,0.641005449279607,0.889506745161187,0.902776295270399,0.190013385455737,0.819112846495759,-0.1074169729283,-0.106405080513055,-0.829706478462351,0.0543442207243667,-0.121010663988377,0.775116138394945,0.18717759310485,-0.106160000327932,0.684802723241283,0.204071664842337,0.161230159427969,0.882889253052436,0.263440837483805,0.310809253242366,0.871716495846022,0.771774002079836,0.36726449190979,0.68926788222769,0.0434512835712868,-0.137821483468286,0.461270252797225,0.0862199108522696,0.229695377962462,0.923981463607963,0.106319182420787,-0.135346473193867,0.806765869912882,0.291871872308269,0.263251964877051,0.860772997797621,0.100078677233499,0.612257132432426,0.721917491438099,0.040114654566176,-0.168353368119936,0.788900525574395,-0.0178003993973961,-0.00714587830914313,-0.402834579237605,sub-0044_ses-01_run-02_runtype-pain_event-stimulus_trial-006_cuetype-high_stimintensity-low.nii.gz
16.6293625710722,0.134063617522799,0.139494645960121,7.88245121740874,0.0251334952269725,0.429537064417102,-0.387180799764849,0.210955166841157,-0.111226008596535,0.110772048211587,-0.110706209931588,0.886608969292822,1.70987049748244,-0.0243771852673691,0.7672191034146,-0.0388935911528254,0.555063367502015,-0.120932099542851,0.202877606056493,-0.523817542635062,0.64058212230352,0.228135933555708,0.149858019803657,0.745733149873079,0.547310725962665,0.0725214113753063,0.884407321606853,0.878680875167635,0.307136532478793,0.870476286674078,1.98387870211496,0.128417880590386,0.663818388038155,-0.0538324085022667,-0.516511811954899,-0.385522093658367,0.131385128142144,0.0963704727016062,0.88541267697325,0.163252993525703,-0.0666791501131468,0.795639063573937,-0.109324239335409,-0.230389107619006,-0.661953364746009,-0.196238881910845,0.539932202439221,-0.571443245114713,0.0333737953958818,0.601738460720896,0.637635156125754,-0.213057037137788,-0.19197214250668,-0.942670722521718,sub-0044_ses-01_run-02_runtype-pain_event-stimulus_trial-007_cuetype-low_stimintensity-high.nii.gz
13.4110519448472,0.115779890137717,0.122744500303033,6.87508442330491,0.00265675805999964,0.438508116155158,-1.09425458403161,0.238380654403733,-0.304891384103243,0.105032090990757,-0.568665623346129,0.854751766904357,1.40283827961935,-0.019109285557613,0.712718871792509,0.163288589216472,0.66995757797015,0.59081825863241,0.201911541121613,-0.542796777966156,0.6927550002389,0.30972140018288,0.125297852424711,0.810767769304563,0.384102509938431,-0.17177688711514,0.836333529741031,0.553511496553768,0.24704488850585,0.789795556136234,1.78454925399187,0.123279959990074,0.687339502358529,-0.310400574566238,-0.774242544297046,-0.975144758869425,0.0416825259825697,0.0872919701263572,0.673551963349498,-0.099357343265162,0.147313656988897,-0.614732347376046,-0.0635366403854778,0.00825655348447339,-0.432601920269874,-0.114781159025794,0.551005982460907,-0.427910437968349,-0.0294713548234923,0.801540994218903,-0.303020309907945,-0.178428331250321,0.310641966015886,-0.907800682353474,sub-0044_ses-01_run-02_runtype-pain_event-stimulus_trial-008_cuetype-high_stimintensity-high.nii.gz
14.4885265342186,0.105470995723383,0.11609928499068,6.27247402212864,-0.0257272712300075,0.353189003445141,-0.757539800821778,0.204836434656341,-0.173993311847392,0.141406827863427,0.136073705671657,0.89185814394695,0.733862384655174,-0.0518658506566761,0.421827808073499,-0.13526120150396,0.427081887139886,-0.415596862680808,0.187413931080077,-0.403105278470817,0.607726322446248,0.198397527227697,-0.213837619882493,0.649506365197569,0.433978058180004,-0.109342851323107,0.840106830764177,0.693440959977642,0.270121757391199,0.838457024163571,2.20680830839022,0.115503770480989,0.660770936923411,-0.280077751771143,-0.713667616342868,-0.933299106619836,0.0740240262998053,-0.407641800842166,0.662911744656985,0.119758305063214,-0.132290686858416,0.612186797523641,0.0179231189255936,-0.329655752522384,0.153773662057409,-0.221287394255858,0.44374287835561,-0.560957350646416,-0.013392753756256,0.374811584543235,-0.2354879811319,-0.208120568015541,0.101835207320944,-0.938712180533514,sub-0044_ses-01_run-02_runtype-pain_event-stimulus_trial-009_cuetype-low_stimintensity-med.nii.gz
7.45908443669709,0.0955218312611835,0.10656020933342,3.59898334674969,-0.00465296780049366,0.389705297968373,0.0759506354327579,0.108776821663766,0.0459152588561446,0.0642416056474508,-0.82199639029419,0.821793445948084,1.44188456791322,0.0703321700412285,0.831911294093916,0.0686294310156069,0.687736213683109,0.492309961365065,0.138257511151066,-0.298503944366956,0.811134928501784,0.31652404110191,-0.383297285646536,0.742306938578844,0.206518731164553,0.0428969159496038,0.865482800207235,0.225946706733611,0.497589993796672,0.90990317513346,0.143482081207936,0.25610794756614,0.112394630986534,0.00986558556919646,-0.165382931028781,0.145236090484547,0.0396634572704518,0.637941748513872,0.713562107479501,0.0153894116952881,0.49545072494964,0.111901259473847,0.0213607307865427,-0.163491138178529,0.244644421334088,0.00489438351989678,0.407764804091105,0.0608109282100262,0.0353493578712542,0.751936322657179,0.864527170044681,-0.0622482155389679,0.288372562217651,-0.818801260962388,sub-0044_ses-01_run-02_runtype-pain_event-stimulus_trial-010_cuetype-high_stimintensity-med.nii.gz
12.4634142979566,0.10528842207485,0.116026230442347,6.52251580806706,0.0306838869425458,0.438313711751309,-1.01253735129733,0.129935496530047,-0.255371148333204,0.0503943638438508,-0.507228867882006,0.582866116639853,1.28634174688643,0.065398011663536,0.690459769220806,0.00598386170906916,0.587397738783236,0.0223565224017767,0.172029151316237,-0.369921638868923,0.673810184501049,0.238351066599224,0.0705769088482184,0.74044380726598,0.38005841885407,0.114192043065605,0.869686713083258,0.530251082261597,0.228088588291078,0.783572873939912,1.99734106241964,0.0646907462667006,0.746870952104555,-0.194816209637378,-0.397437184643464,-0.899822475786786,0.0625575426297694,-0.319139388628933,0.609735638152621,0.123975656861622,-0.133843077292227,0.713855633365086,-0.462161693742936,-0.16005460087228,-0.865920375256594,-0.0641498441527348,0.326347794476469,-0.26373661411434,0.0053371443754957,0.159560877498169,0.126629282544633,-0.166956517869997,0.0379909188488361,-0.911765417219381,sub-0044_ses-01_run-02_runtype-pain_event-stimulus_trial-011_cuetype-low_stimintensity-low.nii.gz
7.09536338265777,0.109272898106094,0.0994875782120074,1.75749999014767,0.10462796034702,0.251213032147983,1.79862536808251,0.105481784652633,0.443744923141238,5.75738479958662e-05,-0.497512841553276,0.00181454867232215,1.01240680728786,0.345712490805599,0.796937732485927,-0.243034520933309,0.233574632389804,-0.757135645272757,-0.00276966133596828,-0.142587529959947,-0.0379003156655366,-0.153016786886677,0.455149884843417,-0.505481063462542,0.107727602336505,0.0733237527981593,0.761472316123589,0.110611532256168,-0.222704907072877,0.8162379429232,0.416080707990055,0.0230131527607068,0.414637674111166,0.278511367411614,0.00642576086130105,0.875309221343497,0.233517194548978,0.368250408663984,0.966365382904051,0.321579672471692,-0.375384722144707,0.885887879905271,-0.0592084450498784,0.498424527929903,-0.299605864717634,0.209561422005157,0.617111853849475,0.795162850305518,0.199664038150456,-0.52538009797056,0.806792900227939,0.105834519908036,-0.373305565294499,0.730703615848787,sub-0044_ses-01_run-04_runtype-pain_event-stimulus_trial-000_cuetype-high_stimintensity-low.nii.gz
6.00727681171498,0.0931549974722177,0.0946616918114727,1.38344269404754,0.0236867201672522,0.196729268673864,1.20409499251674,0.177547094528427,0.440600174922241,-0.0785217500372897,0.232617557716205,-0.940286891649579,0.983669633700561,0.238894267343584,0.792192201534958,-0.170826525433507,0.62454083852768,-0.574017828927818,0.0352882507186723,-0.472742204680789,0.373874344984292,-0.172996812507418,-0.00238480557810009,-0.638650981531223,0.173620147755062,-0.100136922158114,0.831755146092677,0.314435640203237,0.320542202066701,0.885937885800039,-0.102741532448906,-0.165613783419568,-0.12265076495112,0.205595700995472,0.235244564104514,0.909420443196251,0.202454338874109,0.590832976665548,0.975264496427145,0.28239384786449,-0.310546591295796,0.879378648068313,-0.0612626411035962,0.415951400034685,-0.581372854242213,0.119515557863984,0.611217717865037,0.661188227785207,0.132155686419973,-0.259014479947087,0.836612817034484,-0.0104352356626726,-0.303884379228848,-0.315379539411456,sub-0044_ses-01_run-04_runtype-pain_event-stimulus_trial-001_cuetype-low_stimintensity-low.nii.gz
4.83241636895871,0.0831718577913025,0.0682081206187962,0.945952944732498,0.0772054312186313,0.124988969756445,1.60604754226086,0.149442212919987,0.490416609626751,-0.0338598495722574,0.391713307637576,-0.782264728283819,0.681401711641272,0.211989453320968,0.52951161146165,-0.127677453488181,-0.108420137525979,-0.829771696691057,-0.0507666000204218,0.114023446306204,-0.473346815274996,-0.323610505507346,0.493650007291162,-0.669503118734506,0.002504127282455,-0.201100506765047,0.0434989958261322,0.225323820827136,0.315926855245812,0.860631319577878,0.284353752899178,-0.113415631851056,0.281040876215144,0.127252940818336,-0.200763994456157,0.765659530652883,0.212042792758529,0.099170008432432,0.954815959612306,0.31243007703333,-0.168078434404437,0.894418095030718,0.0110309307483902,0.71081607179044,0.0862948159402296,0.246013613639843,0.549572243797077,0.82002890986114,0.167544237965348,0.276649518927022,0.888728132689052,0.0737309002561341,-0.298899073143495,0.622297808350239,sub-0044_ses-01_run-04_runtype-pain_event-stimulus_trial-002_cuetype-low_stimintensity-med.nii.gz
2.28729237551227,0.0462220847753345,0.0277558805954354,-1.16492805138683,-0.0270137925109194,-0.15905492715232,1.73323069187556,0.121040325973672,0.44373110326182,0.0314777752818499,-0.256408937511592,0.769164149065866,-0.161454494568631,0.162704149800039,-0.244992427473683,-0.130463533241873,-0.342461257083678,-0.689903334742136,-0.0420609427171825,-0.0149350914953393,-0.511370328404839,-0.359723079288493,0.0590940215943739,-0.808532268712295,-0.171319801344362,-0.0753795116948128,-0.819790275949347,0.00562722698106013,-0.0436655032054421,0.0759963965979275,-0.0364897889022508,0.0797503977263865,-0.0369460814641552,-0.0840094474016148,-0.426341224486287,-0.719110238753021,0.147369898548979,-0.185765309426288,0.912916908672641,0.257637730250161,0.0649145558542281,0.91092202810409,0.0105698887659134,0.138738102134761,0.134181963937366,0.496078078400154,0.577257470362924,0.943307563070379,0.18413223462271,0.261208569797117,0.877603442473974,0.221018633592184,-0.158331134991755,0.85910057119656,sub-0044_ses-01_run-04_runtype-pain_event-stimulus_trial-003_cuetype-low_stimintensity-high.nii.gz
3.53918135346345,0.0445781653787631,0.0524891034333986,0.829049440839615,-0.00482375965726905,0.114258657228885,0.620043067281308,0.193728958465031,0.247574089590505,-0.0430495623976596,0.366690896033851,-0.748483727821569,0.00392798685675839,0.0870958999440407,0.00622186536888124,-0.081986726114604,-0.411215457772094,-0.683427593520443,-0.0123726850550244,-0.467274367199407,-0.119000795154046,-0.217961090010229,0.413994477636366,-0.604108367803589,0.0368267062801817,0.125105051744486,0.732781872425193,0.192193370842777,0.255309800283307,0.732012136331768,0.674814276382689,0.0575338578225559,0.55158293715714,-0.129952404906405,-0.570648141597628,-0.695187369730419,0.0720238951688713,-0.138044085799113,0.879899299277913,0.121763668243904,0.0396794024586743,0.801104161949106,0.181983894719664,0.443205123718638,0.8623542096338,0.188036718982368,0.00286824548007582,0.856640501339942,0.0310995289269083,0.486946746125404,0.594334328969375,-0.0182847381885294,-0.194271348715092,-0.23434618786469,sub-0044_ses-01_run-04_runtype-pain_event-stimulus_trial-004_cuetype-high_stimintensity-med.nii.gz
3.81238258169457,0.060502989688509,0.0600919889863929,0.766221279859178,0.0661835583839872,0.107808340740943,1.23551521741511,0.219645990546571,0.476169212175547,-0.0397876432608621,0.710989230391438,-0.688033125371307,0.237082595731321,0.289884378857668,0.368759938536826,-0.11708430867345,0.0956775315305757,-0.668226919624413,-0.0377284522488413,-0.247278104227329,-0.478634348493159,-0.292996165700712,0.540115425477592,-0.668291399677369,0.0994404267769795,0.280566375619955,0.867061292928612,0.230624871982614,0.364197629565224,0.829872546953446,0.444276281533972,0.0629802898871429,0.444494071642735,0.0041706136546397,-0.622459581876154,0.0335063851296881,0.143007341599326,-0.58207173027789,0.88861452950966,0.217016394473801,-0.164142413859469,0.85615874115732,0.127667183960873,0.401856808289916,0.748005134665796,0.271003653820784,0.35214483774334,0.936009189961768,0.103830592529137,0.590246809079239,0.923248101136322,0.0144275336177143,-0.428067097721322,0.15055264646144,sub-0044_ses-01_run-04_runtype-pain_event-stimulus_trial-005_cuetype-high_stimintensity-high.nii.gz
1.90104805408745,0.0140354779788711,0.0269018852628967,0.602797110211731,0.00468138505262393,0.07408208505806,-0.22118556242751,0.186443702874464,-0.101445036275097,-0.0620845040489171,0.00906489041708006,-0.916300011286995,-0.470716808416177,0.0936135505613061,-0.508832235475293,0.0644320899765512,0.624417414152695,0.70810957926417,0.0633151564022313,-0.0788382017130047,0.732352923567854,-0.184998262511428,0.508555922556392,-0.673083976364266,0.0800208061530548,-0.000712679500535837,0.692783725934507,0.269233242328131,0.26096272362412,0.65646216188408,0.643904425542009,0.0217467456380743,0.48850516103181,-0.109760778293713,-0.601678363500295,-0.724352963384247,-0.00216660002568861,-0.406817907435956,-0.0522966886771077,-0.0499022626800509,0.0405767798371723,-0.772715237864331,0.0349877148174409,0.520222912174196,0.59808064645826,0.104323586635374,0.184952073203199,0.678796550912718,-0.0139744196924506,0.795862196547801,-0.313207601684443,-0.115640568083904,-0.251328674787476,-0.876520033232861,sub-0044_ses-01_run-04_runtype-pain_event-stimulus_trial-006_cuetype-high_stimintensity-low.nii.gz
2.51151102398963,0.0631724367373332,0.0190434669864761,-3.22852115158502,0.0478316909296858,-0.268496689109854,4.37304968813422,0.0822848525781446,0.568518549162375,-0.030618863350061,0.320529652006688,-0.427205454958954,0.589867507433146,0.165183853170901,0.370220021203863,-0.626619232242897,-0.752684162674495,-0.971964475476431,-0.0786700458617594,-0.162786776311759,-0.730002144977411,-0.303279619890996,0.53222241362236,-0.637185805439863,-0.191492314157368,0.372660827136246,-0.700029115456291,-0.358738907855294,-0.233333921780319,-0.723990684286735,-1.29619206732131,-0.259574957160273,-0.735655785464121,0.52833181035511,0.325962510532948,0.926033572131352,0.38482157470605,0.422268313915061,0.964504931734457,0.533513249893177,-0.473522433485075,0.892349387560281,0.383217587059016,0.890577414836554,0.974911635096247,0.471014923184907,0.382223388414507,0.906440540428717,0.415439334635013,-0.255527197259752,0.843348406170728,0.393184906488069,-0.268954373162906,0.884508301587014,sub-0044_ses-01_run-04_runtype-pain_event-stimulus_trial-007_cuetype-high_stimintensity-high.nii.gz
-3.96744421293559,0.0175304997512194,-0.0257492122622378,-7.59539746407258,0.00772663252957798,-0.464827917877788,4.97263609152526,0.0419344973706357,0.553803194914887,-0.128527676775284,0.324205548554705,-0.888270259038364,-0.600749210513333,0.165729663682613,-0.331695884244555,-0.517761402501569,-0.757549570973567,-0.971397682448479,-0.247984887828747,0.264678721287354,-0.832443113485794,-0.626431238126029,0.119707046407405,-0.830516281768196,-0.400084972727467,0.215443543294544,-0.824741824193989,-0.64558884002198,-0.298928992575459,-0.878815305057356,-2.26572962277138,-0.170698582113579,-0.832590026888928,0.593870809652418,0.512192617838459,0.951977637173856,0.41036983437698,0.371072356790249,0.959512630898952,0.583679665777801,-0.298053330219754,0.894502299190646,0.284997111293044,0.763342325930527,0.877495655413106,0.734975877247069,0.341795194451405,0.908940032306555,0.49439045905269,-0.282443944691901,0.841136215671382,0.423760554343293,-0.285064739473344,0.915429016152257,sub-0044_ses-01_run-04_runtype-pain_event-stimulus_trial-008_cuetype-low_stimintensity-low.nii.gz
0.967518841072657,0.0496229794190442,0.00892386330519534,-3.32379557987143,0.0249207851199445,-0.321651368397627,3.16571485742942,0.0631337377795211,0.543818016827505,-0.0670756724559423,0.434135845840848,-0.872851479074401,0.25874430574298,0.268288952179667,0.22232493787591,-0.443930351294719,-0.694664509073814,-0.965607386442192,-0.12416632771939,-0.145098535161028,-0.654601769119767,-0.511001160655685,0.243735393488334,-0.757172648707953,-0.237342145393645,-0.0217912761915338,-0.845198866912206,-0.192504513670849,-0.127862514860072,-0.75738312094565,-1.07308672414069,-0.380710946443873,-0.696132819792218,0.296654033637299,-0.112801485264554,0.788596125702027,0.274675864045397,0.0819109010998931,0.946682301241535,0.479496084993866,-0.113971325330413,0.91617055911244,0.105321818346902,0.389582339507248,0.592539155842771,0.498260810314741,0.499000149907474,0.964838656290973,0.30208874765075,-0.232470931219693,0.82413887876101,0.279382204361864,-0.366752591180211,0.82968828827783,sub-0044_ses-01_run-04_runtype-pain_event-stimulus_trial-009_cuetype-low_stimintensity-med.nii.gz
-0.415313235500954,0.0440656935184473,-0.00235710308921978,-8.14280602104544,-0.0175630968911805,-0.464512804154794,6.03053996625367,0.0619767055325596,0.5601430218548,-0.0116371007104108,0.117540552640462,-0.163096501208148,-0.734316244130593,0.0588109034236878,-0.397055600179032,-0.716395973326567,-0.475338066671614,-0.945355281135343,-0.204408221907822,0.107992805622917,-0.785510431676389,-0.482081727373131,0.0109531521423548,-0.815313766392748,-0.414164359252527,-0.160698053087912,-0.872349200676593,-0.459666314653239,-0.288913900526736,-0.870311198547075,-2.80998729518058,-0.107192623133781,-0.839033957518709,0.687023206062632,0.435736176981745,0.940398600618264,0.622614705278003,0.502216780256445,0.97142803846555,0.872075162774911,-0.477992465071045,0.895647869207465,0.377390097295081,0.895208398972408,0.973904871431458,0.621378884213785,0.331362685494479,0.829704366571419,0.560477429777762,-0.524898038167894,0.826462740104941,0.547860531020477,-0.156921860243584,0.930486071533488,sub-0044_ses-01_run-04_runtype-pain_event-stimulus_trial-010_cuetype-low_stimintensity-high.nii.gz
9.22736952909532,0.124221357023769,0.118382445861371,2.38379486475639,0.111228974346825,0.225562169598245,0.96060867788132,0.0757154524623405,0.333878778178141,-0.162908804042496,-0.595563908491661,-0.977877746950914,0.328978086481263,0.173753900982143,0.298235100816151,-0.0116318396999685,0.211067706379618,-0.173342284444257,-0.0954879655023374,-0.560099652097064,-0.663098583419275,0.0814551150729591,0.421837906574083,0.232559008774988,0.0836698454197501,0.231968683817901,0.733686518061768,0.550601500929089,0.267485321389963,0.823195175593685,0.903195048308569,0.0659646227954373,0.542529238807862,0.198422111510238,0.283010067750613,0.691346764066356,0.169315271312096,-0.388296162842424,0.909208818191421,0.096160077366428,-0.0140207070901804,0.756439572602362,0.0131645723090215,0.601439109335231,0.164899452807143,0.10867715526586,0.263925710276579,0.662434991951141,0.0501274526207647,0.518049030843149,0.487777886660869,0.0458069828775479,-0.0934565277796943,0.524684445317617,sub-0044_ses-03_run-03_runtype-pain_event-stimulus_trial-000_cuetype-high_stimintensity-low.nii.gz
1.36168926537717,0.00420520915973794,0.0203296406019737,2.5601434893316,0.0433283910585296,0.336551878982871,-1.14250994592973,-0.0339969769552116,-0.361638727335278,-0.0426979257132149,-0.119201864808809,-0.831551723614497,0.321729066491671,0.306888594762916,0.4352737338233,0.400163143546504,0.48444015751426,0.949014090107769,0.0511755718206889,-0.410928795637364,0.280046279157552,-0.013694258915748,-0.34341770463255,-0.110343612054088,0.0764920975490202,-0.0949101621144274,0.738420589621765,0.125259340979359,-0.0692719314851869,0.632056093023037,0.893638064019337,-0.251141254574693,0.614304329433838,-0.114030415748378,0.316985584871745,-0.670981899386464,0.0276984759525366,-0.000328636619352482,0.412101613461722,-0.373326774319005,0.769352985862857,-0.849806470356137,-0.248288414719983,0.319295242016889,-0.754096621237629,-0.0371830749987722,0.329212597630297,-0.244292014267886,-0.0859532473597073,0.837704735180302,-0.730988061803791,0.0223407879227932,-0.0608030529143549,0.728075250887525,sub-0044_ses-03_run-03_runtype-pain_event-stimulus_trial-001_cuetype-low_stimintensity-med.nii.gz
6.53628530967703,0.0815891471580141,0.095110627940333,4.18367907974533,0.0228562168418053,0.465107237857285,-1.17551699999001,0.0898358324027109,-0.404526044875362,-0.00284504843365647,-0.270103557864777,-0.0784417064041271,0.66347969924841,0.0584866221061772,0.640196252245084,0.245278293400999,0.00830302518160309,0.906150977580045,0.150372029424212,-0.149437998850566,0.81972434127784,0.101859653054625,-0.495382069449129,0.46479671383557,0.125539856124966,0.24106484497898,0.864000841721695,0.319683688238283,0.165666230730164,0.748878361476032,1.37091359481795,0.0814944883838379,0.825726935096835,-0.181454140443274,0.00899402284758208,-0.789018587022476,-0.0953606574027228,0.518642231347199,-0.827699703548296,-0.194391286293123,0.764379645367242,-0.83998253703852,-0.138382157003749,0.397310248568664,-0.669820421278363,-0.0264903496738777,0.553072327228386,-0.16922847752448,-0.115839084979584,0.692732964651481,-0.656762896960007,-0.0742736447605262,0.0946154059251699,-0.776447157539659,sub-0044_ses-03_run-03_runtype-pain_event-stimulus_trial-002_cuetype-high_stimintensity-low.nii.gz
7.18515795451841,0.0672379992304531,0.0838753819983774,4.78238529027513,0.0228185240344385,0.421059772854711,-1.72329800160059,0.042187549379547,-0.49415706854865,0.0184236498361671,-0.414197925750328,0.529158268200026,0.341325989406166,-0.00762133453684719,0.24238164265377,0.460607636488767,0.550890116241761,0.951382141538393,0.13263608906328,-0.432557400158908,0.661315523215585,0.203492189380783,-0.491372379875956,0.545947290951564,0.164739437920403,0.189193103699265,0.858564997697634,0.456057861640039,0.219801173754575,0.807953298184418,1.6186705108801,0.225527736332518,0.818546580463567,-0.199778627004384,0.158964049744596,-0.795392124181614,-0.158077306404382,0.21212803714602,-0.946234731351959,-0.304746130252976,0.538947624756178,-0.865148531427908,-0.186928140199574,-0.303677336173837,-0.854218309523421,-0.108846205035271,0.218576753011859,-0.572594616975468,-0.141077473807277,0.83280642990948,-0.683992779285153,-0.111779029849988,0.300571704796384,-0.905382695761196,sub-0044_ses-03_run-03_runtype-pain_event-stimulus_trial-003_cuetype-low_stimintensity-med.nii.gz
5.89586747199489,0.108132734787635,0.113196217716486,2.24544428448555,0.0837802123777603,0.321903198125135,0.0170447180742595,0.0695234901535729,0.00968489008003395,0.0152301999478074,-0.216936156093683,0.543415086036549,0.272168991813861,0.145760414287802,0.415027170640198,0.177877963097823,0.521040953090782,0.922906050664111,-0.00289904212805276,-0.657451192657815,-0.0354033036063239,-0.101637785255808,-0.159579990808234,-0.56903037256206,0.099416245572561,0.526116486803142,0.914748898843928,0.423140718187688,0.187090632138646,0.756216600397304,0.695188892059378,0.137527008091205,0.698197980053749,0.0207629169588133,0.116476099967234,0.203960982372907,0.0119472586002021,0.559465845728255,0.324263119057231,-0.127508688749996,0.707350647460896,-0.795511238511813,-0.0441471228513961,0.470520692982879,-0.385961507220091,0.0849215098016484,0.535119055650782,0.677057629205271,-0.00396453027033378,0.722513011714778,-0.0705684732617099,0.0706283615518886,-0.163798571309841,0.694358424613984,sub-0044_ses-03_run-03_runtype-pain_event-stimulus_trial-004_cuetype-high_stimintensity-high.nii.gz
3.13320615388013,0.0720911326580685,0.0735724558496353,1.5371366010725,0.100629634712593,0.340295056147582,0.114822370931355,-0.0364954439016673,0.0698601248147709,0.0414018582021134,0.374892931840289,0.907531587546897,0.470631727996965,0.199077276543741,0.626892836187782,0.0446339450632498,-0.380642684134806,0.488408136220874,0.00144844319249878,-0.42732946486585,0.0224415329093038,-0.0142464583964671,-0.271467232906586,-0.0778996165805473,0.025437957931267,0.563414936759792,0.495974064274584,0.0480120077472163,0.0991815472002812,0.465928280871985,0.484040271389792,0.0355333385011532,0.663375064852695,0.00338076154076517,0.632754688695088,0.0871819222450735,-0.0516140948446651,0.493404247139755,-0.757959509224637,-0.00853085065237591,0.519624100072594,-0.0973933193906996,-0.0610715758179097,0.675815022113698,-0.580759082382863,0.0789376286754754,0.492772521742375,0.549458736167927,0.0162231966720053,0.504284248090852,0.392396904967372,0.105284817278616,-0.0535812667162415,0.878159314818221,sub-0044_ses-03_run-03_runtype-pain_event-stimulus_trial-005_cuetype-low_stimintensity-low.nii.gz
3.82987846668264,0.0793842909434141,0.0743636692715157,1.45372189364106,0.1190248389377,0.28627366702214,0.275634146146019,0.0597306160551061,0.138558697230434,-0.0098653017720889,0.182109036321606,-0.277242094328074,0.717869623145966,0.240032501003431,0.739401141382338,-0.078330583149614,-0.729232517768838,-0.744426643915183,-0.0266267981634379,0.348204041963645,-0.428398846884674,-0.0025953162592753,0.296551613418483,-0.0148493079557435,0.0466398980353025,0.392948492197421,0.828441543402647,0.108358155227311,0.317013818313232,0.778999337406796,0.281257117018489,0.0247250802051683,0.470344963267373,0.0646715439869535,0.554375844341739,0.852366967017406,0.0809368569609595,0.314715681314157,0.936988175768358,0.017175490080033,0.399537008573108,0.378465842447076,-0.0974134047300322,0.626381091120295,-0.483699906773254,0.0249099326167229,0.568952333712336,0.159987005772195,0.0159646811274764,-0.0858725931741084,0.502524235585633,0.0884445786768851,-0.388238565785118,0.719719701283283,sub-0044_ses-03_run-03_runtype-pain_event-stimulus_trial-006_cuetype-low_stimintensity-high.nii.gz
4.28733740419879,0.0766565614117832,0.0769774129380804,0.881125985164319,0.0378604582920865,0.155394302349991,0.4350061868054,0.122475637516543,0.199166194494414,0.0339628218174051,0.306644206894605,0.828036430590939,-0.043409210319152,0.135448120343597,-0.0634726055183321,0.0546323690772656,-0.0376665302992321,0.589187026191049,-0.0415781057140035,-0.505993217471011,-0.601022402999462,-0.0772777377321548,0.188775924697985,-0.45213485193526,0.0595752370913715,0.170913834314836,0.720106958826813,0.171833450481393,0.152267214680869,0.602980184915775,0.455528945519106,0.161837798566958,0.579313953530252,-0.116467989538159,-0.517826205336482,-0.778006771787744,0.0985060871023148,0.534254074301536,0.955374557048483,-0.0310806031647277,0.440258057507911,-0.35718221918914,0.102167633419371,0.0229051220255572,0.76624688584329,0.163275274401298,0.543862951665479,0.858003884830293,-0.0202371070725458,0.234269509705717,-0.426324779226654,0.120960370160657,-0.0858613320325938,0.913459221138618,sub-0044_ses-03_run-03_runtype-pain_event-stimulus_trial-007_cuetype-low_stimintensity-low.nii.gz
-0.0263485058373609,0.0174486563649536,-0.000447786205722196,-0.00452734866399705,0.114874074863646,-0.000835452750277652,0.529162112775916,0.0261402533681797,0.214756432346241,-0.024028242545014,0.561826584295254,-0.745149904327983,0.0971563359165138,0.190196800026956,0.1183650047781,-0.0954918588973433,-0.714129507973176,-0.724640009744529,-0.139004262124082,0.219186737838338,-0.782644204840581,-0.0904066114305726,-0.0646231356115439,-0.541786619692508,-0.0131429658614712,0.468103237424188,-0.249768609515627,0.0566923936884196,0.211289225400079,0.610573697866022,0.186262200081032,-0.152163872478866,0.253663330670246,0.118428366087008,0.541930369373009,0.905429898662019,-0.14697723287686,-0.021546188792148,-0.925326660122049,0.116937396218108,-0.220419064610988,0.804568785145966,0.0654716163143613,0.704526942711719,0.5528900686016,-0.0345414044057601,-0.0578770712234105,-0.310441525052509,0.0816599337039201,0.198010476069846,0.829988536838233,0.17704038242656,-0.205658489957546,0.86293948375172,sub-0044_ses-03_run-03_runtype-pain_event-stimulus_trial-008_cuetype-high_stimintensity-high.nii.gz
-2.05806494823444,-0.00322333481453178,-0.0202319092104308,-3.10195991609906,-0.0155838378109162,-0.337892053110763,1.47660629401046,0.0900918817808518,0.345738107967957,-0.223271597937857,0.0690651655275934,-0.947186927940844,-0.383940635655612,0.204156391529692,-0.401738147787284,-0.180260646900645,-0.650921056550729,-0.853667634088817,-0.052894548660059,-0.134504830039765,-0.54575439058996,-0.567991978503976,-0.150008520007164,-0.85973157920056,-0.23919782918546,-0.428476869022935,-0.910156345866256,-0.309002548988232,-0.0615246657010318,-0.806689525883279,-0.273559262096745,-0.0753437033106533,-0.301292663975123,0.0251446570211752,-0.489227695817215,0.122023974861894,0.0431380433727312,0.344601657151181,0.650889024078191,0.278005646860583,-0.220365277830829,0.879757845301953,0.0114190350168013,0.695989184113177,0.0529745393945994,0.2875907746875,0.54573536956424,0.802210353781027,0.154596517732155,-0.572132273698504,0.812171455806807,0.25402405662058,-0.152519023849167,0.899959397960325,sub-0044_ses-03_run-03_runtype-pain_event-stimulus_trial-009_cuetype-low_stimintensity-high.nii.gz
-1.54666252903123,0.00388662807516092,-0.0145522218573908,-0.884984597413333,0.0905193075192859,-0.0721410121142269,1.54814751403205,0.0283818083441814,0.381090327122142,-0.0744180658524898,0.141214553732147,-0.81872538724803,1.5141874502655,0.18219750888603,0.602401169243366,-0.2277664642434,-0.616814518529344,-0.929333890066875,-0.0705395771700146,0.455704905715125,-0.288321273237379,-0.461445741121701,0.299325594853394,-0.735727669251394,0.0469179785641694,0.281861177714377,0.439568096659614,-0.104994291393778,-0.181713338640604,-0.420870084292822,-1.25624182399338,-0.210926932216056,-0.759267081802299,0.26958742033173,-0.277469990562332,0.853489110407292,0.0463524968401863,0.194589353565282,0.594946508577081,0.17256024721498,-0.549562725874723,0.732590217922075,0.398304616348376,0.826709145850382,0.960722657199388,-0.0266718320272012,0.000644524224884264,-0.101477780482656,0.148829954920634,-0.712184499055207,0.711601930602576,0.0981861063475843,-0.065302471201585,0.738598459452008,sub-0044_ses-03_run-03_runtype-pain_event-stimulus_trial-010_cuetype-high_stimintensity-med.nii.gz
-8.18277071738701,-0.0464015246431156,-0.0656599628663563,-3.33818994399578,0.0474728687852376,-0.247647694207341,0.538596442171011,-0.211666914094732,0.119666097640737,-0.0453125627233029,0.73633096217408,-0.762855531589496,-0.395314844298745,0.0628554311054285,-0.351344221815603,0.0683597926573957,-0.514128579458359,0.263903815918535,-0.129937516234066,0.266820000439725,-0.616749322379791,0.138431291981566,0.615248359687317,0.445319787312736,-0.293818459432567,-0.0893081834775664,-0.844258043704209,-0.565734529243349,-0.197981404304368,-0.751305758552655,-1.1114372868724,-0.16225586599732,-0.511151219582432,0.0736309419567683,0.564456148456865,0.529743429030733,0.00147545407317806,0.589814505387272,0.0167786489280974,-0.309444791766226,0.270745015018527,-0.812296371649378,0.0120995434918585,0.26052733840648,0.0867691078041914,0.365924556885069,0.410907804170982,0.902781055815633,0.00218377492087503,0.0103926090091833,0.0273335844228226,0.190162757851196,-0.257126376015786,0.872151003641793,sub-0044_ses-03_run-03_runtype-pain_event-stimulus_trial-011_cuetype-high_stimintensity-med.nii.gz
10.0888751342514,0.130603271105513,0.139960713069853,3.73694192016892,0.119659705128482,0.393098108588675,0.368795531505892,0.144720307325948,0.184197256482545,-0.0171455896059625,0.231859415722846,-0.350573007544483,0.903879135219096,0.250391180036861,0.7089288443426,0.0609653550832376,-0.416232358155388,0.609992086708614,0.0405219366975649,0.208164079645324,0.63770967378293,0.0237845061291062,0.70546767177633,0.0955551932648821,0.179820628609322,0.39741880479098,0.905973757150141,0.566514720279034,0.355105673530259,0.826143200948357,0.903393489402902,0.262587877861538,0.682851752898123,0.0431400170278365,-0.0502250094085734,0.505066774473794,0.1019497543616,0.122144660339984,0.830414115072188,0.00752072539351154,-0.295167473718489,0.0962115356672548,0.115474864589914,0.512183705977801,0.63698380340602,-0.000996941752691876,0.280561057398506,-0.0135690677719096,-0.0125454550047726,0.447718428359669,-0.432785912761829,0.00614524668890546,-0.262253477360099,0.0949459481917974,sub-0044_ses-03_run-06_runtype-pain_event-stimulus_trial-000_cuetype-low_stimintensity-med.nii.gz
2.95969447281628,0.045900787212868,0.0448808119414853,0.0119051678779298,0.00156037594615716,0.00231397161543199,0.346343830164764,0.0841515231118231,0.140658264707192,-0.0619519752216709,0.302260137090879,-0.884117134068144,-0.199046933566896,-0.142781009043196,-0.333988230304161,0.00549012279818944,-0.25365281382494,0.0727395375048779,-0.0406170549699263,0.0429231112058051,-0.405441948677528,-0.0758103129564325,0.360845490342585,-0.429821242221088,0.0324311878070134,0.222001959947791,0.601835223133653,0.165635482783015,0.27907500093374,0.742412387406062,0.17142618743679,0.210119597855443,0.221204274504318,-0.0114871621058173,-0.0666251843216403,-0.156271723997196,0.00247465644829342,0.247168393098952,0.077887415215965,-0.0779098029427394,0.34804485542066,-0.620493454131421,-0.0327532383410007,0.811722356047356,-0.256818404609435,0.301546169003443,0.701868905271283,0.968230768078779,-0.00503369197493791,0.280836224338989,-0.149280318195833,0.0818071320596592,-0.19989724756484,0.69704975466581,sub-0044_ses-03_run-06_runtype-pain_event-stimulus_trial-001_cuetype-low_stimintensity-high.nii.gz
7.65731808857001,0.0624957474212271,0.0803879407905755,3.16867317417522,-0.0208133081263488,0.337978668048459,-0.893126454083198,0.153672663223011,-0.292286577054435,0.035638106212784,-0.174758631251309,0.721279730607005,0.342247382089454,-0.0666765371472569,0.454734850358004,0.0438464743228966,-0.511276628432772,0.344847835805673,0.17322315476766,-0.296574795887918,0.843443781338555,0.159616008686627,0.594603405554593,0.729317229246212,0.106530849888548,0.181874193880963,0.801917141404291,0.360070851476435,0.265632876487594,0.719704924063944,1.0467136076089,0.313697787539427,0.668157283198931,-0.152007741912308,-0.433788081585375,-0.757104164839411,-0.0550997156690417,0.113526332575479,-0.723343868901459,-0.0782103411200241,0.0547538846162752,-0.794974299476375,-0.0735367991388686,0.239524497757854,-0.520160370541387,-0.106838324764628,0.325803907465487,-0.466809288977705,-0.10416905745831,0.330116912351509,-0.830558446353272,-0.0482707420721668,-0.243492715219032,-0.71163363664874,sub-0044_ses-03_run-06_runtype-pain_event-stimulus_trial-002_cuetype-high_stimintensity-low.nii.gz
0.609436239262786,0.0255412240471924,0.0084812604909528,-0.682122559446638,-0.0415628512681205,-0.126859063799878,0.915797621163468,0.00744364980927432,0.290908905729569,0.0135302516686827,0.766251281544813,0.40672965842878,-0.188601482218774,0.0789919531033707,-0.282240982404642,-0.20303463855217,-0.768573969339656,-0.944991448510332,-0.0473192357987163,0.261058446124529,-0.440807288239786,0.00175572257745476,0.30314891693569,0.0119154140110803,0.00643991179986138,0.586249586181447,0.103467787964494,-0.0891695501386915,-0.152775188427471,-0.792356233987779,0.00629528877448282,0.205290554806607,0.00799020254323753,0.167324138400527,0.460096483956862,0.93031915755571,0.157005168691295,-0.0162726987119224,0.923269766250599,0.131479559766834,0.348325525570318,0.863539442811088,-0.187593429264894,0.536805421465811,-0.672183887567847,0.14403126698307,0.502519284762782,0.672842993585899,0.0679920267977089,-0.520382197574118,0.586806316204627,0.175102786420967,-0.0178155130033837,0.932259382362352,sub-0044_ses-03_run-06_runtype-pain_event-stimulus_trial-003_cuetype-high_stimintensity-med.nii.gz
-0.68429709389285,0.00738553897497887,-0.00940187254886459,-1.07718332209171,0.041338639676868,-0.162303442000281,1.03425332484767,-0.050435842891436,0.349974194528772,0.0350149627939535,0.246649181038856,0.788714480932241,-0.0203573845301561,0.13902982213128,-0.019104061592965,-0.0270102051373385,-0.774233242031907,-0.349428678984975,-0.13839018648498,0.28227219214844,-0.719036091177895,-0.0812871638454797,0.371211515876657,-0.427705931117192,0.0386762611566182,0.286438027964734,0.575191207721214,-0.0173920582854249,0.149532242908659,-0.221719833287291,-0.546306700995638,0.0267928947161348,-0.480290115489886,0.181057210438399,0.655519526007172,0.930959792427795,0.061984949151262,0.316076613813395,0.713019969044445,-0.0459228604641054,-0.0337108413483356,-0.495620981616001,0.114435512083269,0.732247627052886,0.796360355073854,0.238509567800459,0.295456282516297,0.83787441459939,0.0710244628967398,-0.289324408795079,0.738356809667099,0.103264429576054,-0.37204912140758,0.834414656204249,sub-0044_ses-03_run-06_runtype-pain_event-stimulus_trial-004_cuetype-high_stimintensity-high.nii.gz
12.4815418675134,0.0607918335164113,0.0794539200965304,5.33712277118315,0.0016699698653176,0.343036137083289,-2.11356944768487,0.16882592132111,-0.319758830751147,0.087769589887086,-0.131134599001342,0.782447183226945,0.46991505903222,0.184087754796501,0.487955615311329,0.165759629244415,0.637050070906418,0.90248759260677,0.27340789711613,-0.54676997859189,0.726025326395134,0.0390512275890101,-0.247151929065613,0.27931607416949,0.432671147279228,0.168399693958773,0.850228903882015,0.819325226089408,0.211849903326827,0.757171154652735,1.48995614285335,0.23583656321592,0.686221051571426,-0.499568767243932,-0.580649406086934,-0.933105464516625,-0.121487078973091,-0.150119918269466,-0.815037952500518,-0.250367278906044,0.309412577592109,-0.84998724431694,-0.0910860244840054,0.00323863028451488,-0.580563201129023,-0.0575334651692847,-0.0721992176275081,-0.310795102826425,-0.234647103481251,0.668840676157244,-0.728861350450776,-0.222144104330183,-0.0601541824285294,-0.930501339011776,sub-0044_ses-03_run-06_runtype-pain_event-stimulus_trial-005_cuetype-low_stimintensity-high.nii.gz
16.6227307686573,0.0476199819513144,0.0704581293261588,10.613028757953,-0.013342248729927,0.406901344013179,-4.44371204132503,0.151271484448501,-0.431992147557487,0.147496307519283,-0.435841848354479,0.911363987510815,0.805931286237212,-0.0537069813406681,0.39322595210691,0.458994123523169,0.828567072334899,0.934365755541252,0.484017389991631,-0.374335407481206,0.820118960011717,0.445311432484962,0.101184471281063,0.835621850703159,0.616738200401178,0.0545456418075498,0.862006121220499,1.11086343006652,0.21807036672448,0.772803410069269,3.48473238669124,0.1931453668754,0.771731440691426,-0.708346393756728,-0.572457518809495,-0.945080520746981,-0.247707730082959,-0.413025184617718,-0.900476209631346,-0.426665253495724,0.326541637983246,-0.838856843050988,-0.346254146750272,-0.686891273773086,-0.942878283400153,-0.456998315257056,0.0558914211896129,-0.773152860588835,-0.423877167522402,0.56235403071528,-0.802541136401223,-0.510949863770056,-0.0145911549335245,-0.947299928897294,sub-0044_ses-03_run-06_runtype-pain_event-stimulus_trial-006_cuetype-low_stimintensity-low.nii.gz
10.6781795572778,0.0603032407925579,0.0784689474294073,4.59712935644224,0.021608650991575,0.305348310403321,-1.94165118568503,0.101675246733347,-0.350643663923069,0.0209758194417662,0.0366402370980467,0.436083419489637,-0.120998607123085,0.139487112472497,-0.108643613547772,0.288376333224809,0.764451316658211,0.962705566670304,0.133039938006929,-0.573692887755556,0.665864089455293,0.0428395899728982,0.384123159603652,0.197380343294778,0.307173721192571,0.0389732718699417,0.825424519966567,0.879313124774965,0.248259285762997,0.774045849004299,1.70820175813089,0.157207055765313,0.720811291746246,-0.364646977157237,-0.537242195902377,-0.87876191151518,-0.136365281975436,0.0967813048260437,-0.859637949024481,-0.293832421092295,0.341294273375964,-0.857259383372824,-0.0579448959859556,-0.399668764670434,-0.529239087097767,-0.079999199134236,0.17663919035875,-0.315805100810442,-0.236472620807578,0.570866738388186,-0.794513059042641,-0.199278050791631,0.119345060658747,-0.882805108508355,sub-0044_ses-03_run-06_runtype-pain_event-stimulus_trial-007_cuetype-high_stimintensity-high.nii.gz
9.71631697650499,0.0386879568660936,0.062654156129463,4.62098223944534,-0.0217337264971928,0.296727667210214,-2.47310628710379,0.175121705042565,-0.364418010113641,0.109990087414651,-0.218646289890891,0.834429754660983,-0.131791900313994,-0.0199223788699331,-0.127199767515687,0.385782152789469,0.840297836569451,0.973806050956821,0.0764281145209126,-0.384240402397723,0.629926191916844,-0.129131560339009,-0.124861177531465,-0.578090819638348,0.312643424766221,-0.0618999931678391,0.814505324626492,0.784417385139959,0.222828828150268,0.749904426419374,1.85649311012519,0.290884553476144,0.741348678418483,-0.447141977295532,-0.531874684276805,-0.909221163919214,-0.174955325853464,-0.389695869155089,-0.914307678378207,-0.365747987410715,0.275343254838538,-0.869352503525637,0.0168774117083003,0.445484306146476,0.118518035041374,-0.120620719096212,0.245317005961741,-0.423474936749227,-0.299851966803262,0.399251643059188,-0.820983970140116,-0.344848228176682,0.0736787346163427,-0.95233291452174,sub-0044_ses-03_run-06_runtype-pain_event-stimulus_trial-008_cuetype-high_stimintensity-low.nii.gz
12.5725582457451,0.0575868316501822,0.0775052906738895,6.44891933392137,0.00595696003444301,0.393311068977807,-1.94451911972188,0.194821709208215,-0.321446940394909,0.110536916370177,-0.540378783102863,0.907667588780221,0.664564414602627,0.135613347523803,0.575248344348849,0.244516372639661,0.684549302512541,0.915655880543626,0.29392146670157,-0.533617272701072,0.79770904387393,-0.0572973570262502,-0.128069620585889,-0.307419282623738,0.35483670964106,0.270110583964871,0.888190575050433,0.670360213440602,0.182002639630738,0.7365010601554,2.28454216969066,0.0932628270605357,0.741569018562088,-0.380719479534617,-0.579683380059885,-0.91018883339773,-0.040469507627777,-0.417881999129593,-0.48457007373126,-0.151296591016942,0.0998261929823536,-0.846700378920664,-0.0942891574289989,-0.251676842163492,-0.630396582772008,-0.176205626088084,0.147486430134465,-0.594276314336462,-0.218163623221293,0.446098703411168,-0.791654980636502,-0.291787064825799,-0.19838796420451,-0.94409264306562,sub-0044_ses-03_run-06_runtype-pain_event-stimulus_trial-009_cuetype-low_stimintensity-med.nii.gz
-1.26454939854816,0.0173258908469532,-0.013330243117248,-2.18884468243384,0.0831088557889663,-0.242219071040118,2.03752707642175,-0.0082686879633991,0.467261334731153,0.000746352671910179,0.669329689429036,0.0202928712808859,-0.218552918972294,0.213492576709934,-0.17900637039991,-0.127831526857155,-0.733176400387105,-0.590020997128024,-0.135574255771412,0.153646451452065,-0.668236961577754,-0.0839307382993494,0.367809814569001,-0.454726052577594,-0.0455864570684032,0.506081514601717,-0.322782983710168,-0.0611384702080632,0.000405512687561045,-0.423602474170405,-0.875509878655898,0.0820341687358999,-0.519727033216431,0.228116848716381,-0.135051458972636,0.842780232641191,0.156678981511644,0.607192252587623,0.96057631646194,-0.00478410033179136,0.0458896015706153,-0.056533497768007,0.365088635865577,0.59808014829244,0.909958563356091,0.388654975921863,0.0283431205572002,0.918299160053974,0.10325086224326,-0.530529109643673,0.672874634011659,0.207279550997766,-0.11567331520555,0.933435004921782,sub-0044_ses-03_run-06_runtype-pain_event-stimulus_trial-010_cuetype-low_stimintensity-low.nii.gz
-1.27118810750312,-0.00426177064645946,-0.0134909501246884,-1.54129947197858,-0.00331097072856469,-0.170478886420727,0.472727692617075,-0.0677676961201338,0.131201819813472,-0.0175705854957991,0.652087441748414,-0.273274169773446,-0.741852261370575,0.0202321592971327,-0.69378928474249,0.146928762834424,-0.747771853410911,0.464336442381763,-0.117997045581253,-0.422388489030892,-0.836244303816906,-0.0510440446650827,0.393758319570042,-0.13874437690097,-0.0619718813574026,-0.189180758585034,-0.617633605727108,-0.415795238283055,-0.0726262326527939,-0.765931553460372,0.160890372943555,0.237620138097338,0.100115651759553,0.147265937443357,0.394065527152301,0.792582504702931,-0.0659823846170597,0.528752901818866,-0.602934634524628,-0.225914625736593,0.0382956946761643,-0.831158412162472,-0.0787024800889532,0.0914157908514454,-0.606868797159423,0.418715411934191,0.436050039004874,0.918187416909971,-0.0249729341166607,-0.00745751775873133,-0.416128673813773,0.141378130810622,-0.282281520169121,0.846768952209726,sub-0044_ses-03_run-06_runtype-pain_event-stimulus_trial-011_cuetype-high_stimintensity-med.nii.gz
8.79486142460577,0.13460604107016,0.138296286083297,2.4879910365549,0.127215974381395,0.342219971162386,0.971379224904874,0.0792867526467122,0.399303469354522,0.0221401961554929,0.0529790704411286,0.50668711231778,0.890473259859524,0.141288064261725,0.736752794942303,0.0679228030322091,0.508919305281909,0.356879130286113,-0.0281458261447862,0.20530975434494,-0.432677254955839,-0.0974501767565975,-0.0919467909919367,-0.507140371497974,0.137963725307024,0.179500809570366,0.877551274218759,0.321803764873667,0.331498945578067,0.874258787381716,0.473544138358774,0.305588836606718,0.533506695273329,0.120312076272755,0.165550364851477,0.853990872954005,0.0583669766814145,0.491098902796474,0.850862807864701,0.0888393493300805,0.348688726681925,0.549281677077493,-0.029434376942198,0.0422618452924795,-0.348334178905839,0.303868219886721,0.527717138243116,0.887157769174526,0.13713459615625,0.0353270867713024,0.821943796762287,0.0144166782931641,-0.261110289140533,0.223229040717745,sub-0044_ses-04_run-01_runtype-pain_event-stimulus_trial-000_cuetype-low_stimintensity-low.nii.gz
3.0917772653842,0.0787485787585236,0.0631477325152197,1.06871068672316,0.136382897141244,0.197926385105053,0.660066676107206,0.0360507323865924,0.349162855160264,0.000587149979334736,-0.385556895779047,0.0244435536745382,0.453096828422465,0.206781019971525,0.579392976797107,0.0421588454418542,0.244561986775525,0.639672452223902,-0.00229885087416081,0.392891366342649,-0.0371383139721292,-0.120365099079518,0.473468490606692,-0.580419454068614,0.0853482260936861,0.512668816557411,0.922232634630058,0.0684347411184554,0.258886455949309,0.498389068621043,0.235514518338833,0.23744419719071,0.295750106940457,0.0759509075078803,-0.359970963300224,0.65880549459896,0.0669617352144959,0.0990557873006203,0.902200360263993,-0.00964205086010681,0.34505283111629,-0.086020630453554,0.0708822959765177,-0.280416318050351,0.734326327256728,0.128178049868359,0.392923386346411,0.680056344859892,0.116199927360114,-0.335357019285431,0.797862907144159,0.0276119263897564,-0.424234764846084,0.542655781375672,sub-0044_ses-04_run-01_runtype-pain_event-stimulus_trial-001_cuetype-low_stimintensity-med.nii.gz
9.02931185208945,0.124664855237594,0.119754954251559,2.9026694533128,0.161053693475644,0.376183594160505,0.811856816573521,0.0611941776348591,0.353790938106087,0.0100214371335755,-0.211935732642297,0.381728878874661,0.776972546346984,0.0381917879573885,0.723385949555618,-0.0976483057174084,-0.616105648355338,-0.656356069002543,0.0243164138581427,0.199080882273754,0.357069866634381,-0.0392521431813897,-0.0241137480155682,-0.321667397029641,0.150512554821088,0.254255282561019,0.857949988045116,0.422728356553842,0.245089681668958,0.772334636504567,0.819001616860664,0.510151973629003,0.76633127241202,-0.0140389041092568,-0.407862153669116,-0.198370421541742,0.0697342447092606,0.225387373775998,0.924175021558866,0.0596510330244778,-0.0415688947112274,0.708061960161062,0.0817257328920555,0.224868318828712,0.654869862634548,0.167957101208885,0.655491662717035,0.780428848273333,0.0930821643642919,0.433094282269237,0.78504792710886,0.113193308141532,-0.048014001250251,0.843758051167754,sub-0044_ses-04_run-01_runtype-pain_event-stimulus_trial-002_cuetype-high_stimintensity-med.nii.gz
9.45755177272083,0.131253708274957,0.132397129443036,2.93452459878106,0.11865944712762,0.341723739745749,0.877546178413261,0.00374250037820198,0.323897912709863,0.0047908039206287,0.728954470540572,0.145533038711968,0.828696029690427,0.0892785863761495,0.66122987456323,-0.032280513577517,-0.605467971838047,-0.344419838438146,0.0344681020971556,0.561843340333305,0.279977219123932,-0.0170803563449866,0.340782020067493,-0.120810774264334,0.135367101443177,-0.00973244550852324,0.816181226449614,0.417570924124355,0.332732415022998,0.870986772013172,0.721536165507242,0.367911053619288,0.621086815045882,0.0702025655773794,-0.0872226324080824,0.767960473098133,-0.00997038509166998,0.00301101471333475,-0.229799643492073,0.0576302286381287,0.0890842859107803,0.501339107354967,0.018991054995832,0.37558043226985,0.308121025874789,0.150703422965424,0.463646001239041,0.677165154293309,0.144515580773106,-0.227328499909365,0.822548948246387,0.193806438993119,-0.411583075002645,0.842611557524567,sub-0044_ses-04_run-01_runtype-pain_event-stimulus_trial-003_cuetype-low_stimintensity-high.nii.gz
6.89313803947489,0.0863407823592944,0.0895298685795428,2.23303576077984,0.053749109142913,0.302853492945981,0.292440229647608,-0.091798866860757,0.104980702634443,0.0701281618893715,-0.145347971756312,0.842024169401557,0.359986508100676,0.103701955581324,0.507557579428219,0.167761710892084,-0.657180730936085,0.595964180807945,-0.0203651372812531,0.123277297655451,-0.27677730362154,0.227153986099808,0.514087332947138,0.823485228385962,0.0952216371680471,0.242911673544542,0.834958015859239,0.249978793003008,0.333170823007855,0.869397548560974,0.443546336254868,0.335127205461233,0.422488445147769,-0.0573152890330608,-0.2082742077054,-0.428532744350157,-0.0971065848741028,-0.312582940747198,-0.867368399601603,-0.118391005453949,0.185538663472246,-0.744449496555902,-0.00265603747253996,-0.253171791505713,-0.0258717490225527,0.194711634330356,0.527295316615465,0.825565792515787,0.106477073600757,0.458249360451831,0.87055017577761,0.170068639698735,-0.393622364226391,0.832910011009273,sub-0044_ses-04_run-01_runtype-pain_event-stimulus_trial-004_cuetype-high_stimintensity-med.nii.gz
8.59993993654315,0.115721984731444,0.124374117039222,4.17162322133782,0.0535825564665593,0.427179107825044,-0.246312414074122,0.218957081396853,-0.127012051805909,0.0331995313234348,-0.588894443373705,0.711843784931269,0.970835556765684,0.109580521987621,0.824503239721098,0.0469339585251455,0.643772621142328,0.556130554216674,0.132972457107196,0.0180390131030278,0.864147038836923,-0.0426739982260269,0.22199627455317,-0.200278601131417,0.332081247129777,0.1973754093673,0.892477444082903,0.494451925075704,0.283633056289563,0.839532442600671,1.01284028490188,0.201130715233024,0.700033323366759,-0.073024161364222,-0.597565650390335,-0.668721710898275,-0.0229331384761138,-0.155874615212161,-0.570666062950223,0.0275680609114993,0.24917497582513,0.197520184051026,-0.0152994829561652,0.492329500419633,-0.259278058200831,0.0183204150976547,0.288758592395538,0.157978782727906,0.00712242382566641,0.632215894346362,0.191344173590741,-0.0934993486365414,0.0805874351975686,-0.927043160047204,sub-0044_ses-04_run-01_runtype-pain_event-stimulus_trial-005_cuetype-low_stimintensity-high.nii.gz
3.00701940924908,0.0651654042172947,0.0373459563294224,-0.620316666925059,0.160364349090523,-0.118032349068796,1.14605549867032,-0.0809739854554242,0.315314935299487,0.00621381548884622,0.406086750664587,0.189210011749605,-0.0204667983755724,0.36151518161792,-0.0403026472144884,-0.0815752996936936,-0.692251160225572,-0.753907274374191,-0.0161135941984813,0.461846945563078,-0.259235825210472,-0.058210827413095,-0.180653644090047,-0.562531964067888,-0.0585989831855523,0.259976359969162,-0.541845738780354,-0.020031696252949,-0.0888195836298604,-0.141595185145139,-0.189309610579451,0.164138612922014,-0.231489009880537,0.182819539525487,0.137169216188498,0.809484604008756,0.0113514695908159,0.302448922717372,0.32897424487982,0.0647059855178177,0.211860353965244,0.521963116356463,-0.103214717533518,-0.162424432609723,-0.774460494647151,0.282072529471529,0.594541936574563,0.947787357274793,0.147486645500352,0.113566267727295,0.872348075340422,0.221371939364067,-0.347395370663864,0.871150950221,sub-0044_ses-04_run-01_runtype-pain_event-stimulus_trial-006_cuetype-low_stimintensity-low.nii.gz
4.39993183213821,0.0628991092093092,0.0588434195406818,1.01361130983711,0.103284572409753,0.119955186861127,0.440789234233177,-0.0148266502307012,0.136762104644455,0.0148685153977101,-0.258465561652688,0.248857300024987,0.12174332313687,0.194161002530112,0.12408530794424,0.109993842600181,-0.262562428009763,0.777897404728434,-0.0206984467679599,-0.0364574311271003,-0.250008527679637,-0.268124296384901,0.529404161908238,-0.563580286981491,0.122049741284767,0.842940036923841,0.892613742926889,0.297258076858933,0.348693038504686,0.845937474359322,0.316677470595981,0.0392173921210153,0.234412471983032,-0.146673335917847,-0.431990627441908,-0.794321653231889,-0.00907074173746476,-0.313178837557963,-0.269241358830706,-0.131269207847993,0.332253122399766,-0.727387483299824,-0.113432600086027,-0.611614637229638,-0.889219773648707,0.455094375672811,0.308821487202864,0.949419318735391,0.138227072288806,0.794193353648476,0.958794281794789,0.11265684781239,-0.47063983896483,0.708507021372822,sub-0044_ses-04_run-01_runtype-pain_event-stimulus_trial-007_cuetype-high_stimintensity-high.nii.gz
2.84871705950213,0.0568953986397716,0.0369968488151071,-0.263462958444378,0.102152355449683,-0.0393549284543284,1.11252990476581,-0.0312022766386451,0.303382077964724,-0.0286022952925958,-0.316104945412972,-0.523619182024475,0.555449428736901,0.106644306939661,0.480581490588179,-0.186954110363422,-0.668368258677224,-0.873218795568807,-0.118830148298679,0.416435920835244,-0.673698193895283,-0.232065600980442,0.00100887908230858,-0.733578841103298,-7.61374848534937e-05,0.653126466638397,-0.000950735376430564,0.102198224642903,0.140131129367055,0.651988622892675,-0.271338057758834,0.139625665574076,-0.362003964814507,0.0099367066720508,-0.0998086217063268,0.1260945158047,0.0106683020551648,0.151519433197348,0.208580688344418,-0.0371538120007523,0.270640064501782,-0.219118377849631,0.156604675760895,0.526825990471766,0.770439324003428,0.269379453766173,0.447429787819233,0.84218329931676,0.0835049104300894,0.08227057461121,0.812296614475334,0.295648505888167,-0.296458507593225,0.891804242567483,sub-0044_ses-04_run-01_runtype-pain_event-stimulus_trial-008_cuetype-high_stimintensity-high.nii.gz
0.733214488275092,0.0214670557152368,0.00664422398808664,0.149066130771011,0.134828773554371,0.0189036831487184,0.716777983015505,-0.10456688419797,0.169924735695058,0.0613904361222374,0.10791975416504,0.855709406091121,0.604691900821257,0.147863709582232,0.577771988928306,0.0776362692900107,-0.678043763667291,0.551311799654859,-0.105284314063696,0.379597738093674,-0.553752211648479,-0.0559059304961022,0.471460458934218,-0.212393942350796,0.0496773100371839,0.336534548564475,0.432234108896598,-0.0893513693551217,-0.348394128172491,-0.504589772061325,-0.433455236633371,0.064056389185902,-0.369313015209416,0.106098312693375,0.245744334856513,0.82744144700427,-0.134272392863004,0.217565960138787,-0.812496585675093,0.0276429493821669,-0.198176279934959,0.23108493351675,-0.16882694772438,-0.0575826925787652,-0.760099074263869,0.229573703963225,0.411894588315617,0.736810745511513,0.158903702119771,0.05032039186445,0.858019387246062,0.268082477440513,-0.118134004975497,0.904663552274938,sub-0044_ses-04_run-01_runtype-pain_event-stimulus_trial-009_cuetype-high_stimintensity-low.nii.gz
11.2531651477961,0.0978866643527564,0.110194246106459,4.26058130570818,0.0353719556598858,0.33758543859419,-0.458900199680086,0.12934449143959,-0.103745994164009,0.00410042345433918,-0.651860034882094,0.108503844665741,0.571716131734214,-0.0563165124979466,0.602590843049338,-0.145427333886132,0.648168594349597,-0.665492358209856,0.136297024309766,-0.240330273398586,0.737029655411916,0.0497581643031744,0.166586445496853,0.269915938287539,0.408016309262356,0.217299872248432,0.882656058130465,0.56216066981918,0.26286126394218,0.786936709465969,1.43055281673571,0.246424745300748,0.659666347844087,-0.239130281607452,-0.496194361256701,-0.704898414703905,-0.0100481031546318,-0.215735474834462,-0.164241143109282,0.140614096814178,0.195385874425725,0.74941267958601,0.0906680780440587,-0.490624742007465,0.566702518247778,-0.162779813464056,-0.182512749066715,-0.640527419856561,0.0271546349495442,0.460472393151101,0.303633773594593,-0.140336527127502,-0.203717103359598,-0.92202269261771,sub-0044_ses-04_run-01_runtype-pain_event-stimulus_trial-010_cuetype-high_stimintensity-low.nii.gz
5.22662719057495,0.0904693872551421,0.0738630208516093,1.37840744029459,0.112229774552302,0.17408460418459,0.950876575314896,0.0760348330531435,0.341731439750766,-0.081431862926224,-0.354809604155864,-0.865857291357441,0.379407174212827,0.019171397257205,0.420728536228698,-0.15666621463988,-0.852410096500079,-0.923204454648307,-0.0710362167285194,-0.498180087106616,-0.818480892452185,-0.0890811123813305,0.596717927552209,-0.338868505420342,0.182389508300132,0.350340835233511,0.83057988531648,0.479664857264812,0.400243846397899,0.884509998296386,0.319732519294777,0.0815275982140325,0.259605176480556,0.0745278323766613,-0.600489549953304,0.47978698290972,0.00878389330707974,-0.63655503938137,0.203145719712484,0.116496453024512,-0.144956133429946,0.772182590344164,0.0382499540050882,-0.220302636784119,0.520470592396028,0.134049550178503,0.353603343115873,0.820188757792026,0.103417191751103,0.0305581786492887,0.852900996329594,0.209260635991186,-0.340053765879637,0.87129897730891,sub-0044_ses-04_run-01_runtype-pain_event-stimulus_trial-011_cuetype-low_stimintensity-med.nii.gz
9.35414944125634,0.110595943894269,0.108089219946442,3.50369780592186,0.157832074991464,0.33571480597915,0.764542488789803,-0.0290344667030138,0.213576720570461,-0.0756641632355332,0.163184721892687,-0.747633225970191,1.57145375292494,0.325257331982186,0.774114663859467,0.00952078193492233,0.247970502106518,0.0746212501183737,-0.0370230867771682,0.210710832681116,-0.245253187858382,-0.193478267078646,0.436845059568706,-0.447159855416616,0.220795184394754,0.413162658906265,0.890448228685685,0.617057046256577,0.37847313101149,0.867217472411208,0.399973306930809,0.101084535493044,0.363184793258446,-0.0235029334501985,-0.171787133318362,-0.209212468919892,0.0565512388267788,0.483660111506792,0.651006120599078,-0.0017932029722374,0.384536224452644,-0.0180573483764113,-0.130445019661395,0.324422811647194,-0.586825392852622,0.42257056443931,0.398596021046326,0.938878977364083,0.0467100665776153,-0.516089667568815,0.391601178512431,0.169542313417072,0.0974892846767677,0.926913005512438,sub-0044_ses-04_run-05_runtype-pain_event-stimulus_trial-000_cuetype-low_stimintensity-high.nii.gz
0.217853546322552,0.0344171852019738,0.00127686122133816,-3.77466943486653,0.0649214136794765,-0.238684575097058,3.77993703195334,-0.0311638145502512,0.458617749136253,0.000109090347421677,0.496798032306835,0.0011184628637161,0.418749912932704,0.104916461579686,0.206167580526933,-0.459298715815561,-0.709604916943552,-0.876547204505798,-0.120274021627953,0.310838611341391,-0.447763088262597,-0.452608524980224,0.48330037091408,-0.637472227724439,-0.225590503455261,0.00552997419293725,-0.788969971164215,-0.112011472495397,-0.0463526121161027,-0.382117242586922,-1.73592601935047,-0.0793964705507902,-0.63734286974275,0.217422865759742,0.211218630055992,0.808883554698448,0.356929860404472,0.218281700159859,0.929996630323093,0.1963113029309,-0.209084188308324,0.764513717775282,0.185686478075884,0.192023673307314,0.622462150786741,0.865355492651849,0.12166894377399,0.904059592766612,0.295920773641232,-0.550173223754324,0.739984911969196,0.545555005449492,0.0977240377769227,0.943863249036063,sub-0044_ses-04_run-05_runtype-pain_event-stimulus_trial-001_cuetype-high_stimintensity-med.nii.gz
7.44091872498365,0.0996051996993552,0.10369029892661,2.67699579640758,0.0694676304998169,0.308803555874191,0.271682882412964,0.0915864657610579,0.106574612614155,0.0407665058241178,0.26037425660155,0.808226090866042,0.413157927694214,0.0907431047265489,0.552384064242668,-0.0802208821221445,-0.258992847146787,-0.79133861554374,0.0737101317625912,0.267744657412981,0.718009387383167,-0.00800788215433003,-0.0508434297564726,-0.0716547241614266,0.147126714425283,0.180168102790292,0.809746465512795,0.414650576648969,0.17483589313072,0.768709812599406,0.871009655500454,0.18442156782925,0.543146123560152,-0.186014767897121,-0.619100396212282,-0.858217613327945,0.119651992191511,0.325649528538911,0.936954460417738,-0.00306206121379773,-0.00739661231728242,-0.0324097766502563,-0.0615699673364157,0.00858066833725274,-0.492590527764542,0.168106119666624,0.0858415089024793,0.911590909967405,0.0469892540121315,0.412223741438337,0.826987783236319,0.115768080100113,0.0818745186985632,0.933306215518228,sub-0044_ses-04_run-05_runtype-pain_event-stimulus_trial-002_cuetype-low_stimintensity-low.nii.gz
12.2991044946279,0.147328810426361,0.155272342562567,4.69963479548001,0.074750183673665,0.409174335641358,0.250986235465902,0.132786102838133,0.100549151818714,-0.000801980499653816,0.185624210569539,-0.0187649210369005,1.34190438338586,0.118756745218637,0.7588316875402,0.0124711835399988,0.598665769104527,0.20102837081807,0.147544869288537,-0.284097047170405,0.70105060585408,-0.00494564372397746,0.598410165867154,-0.0136956390024182,0.283387311513174,0.191727651065642,0.867996575080935,0.569770971046861,0.352884374591715,0.874236270581707,1.02521728234643,0.124513200270692,0.672904397189149,-0.149434293922286,-0.603749863119523,-0.843924067227677,0.075791386318947,-0.249324690459835,0.896777222420461,-0.00349450709104399,0.338298477547861,-0.0508051624106242,-0.0351441427989173,-0.23035158246421,-0.410082152208564,0.283560092230395,0.447919744376333,0.950651896885633,-0.0269392417687992,-0.222157999152441,-0.47436864676692,0.0434091328054997,-0.0352364372155354,0.500188044075439,sub-0044_ses-04_run-05_runtype-pain_event-stimulus_trial-003_cuetype-low_stimintensity-low.nii.gz
10.0286953586692,0.0910527254337623,0.101514478503858,4.56599524958779,0.0684539676094333,0.410664591561773,0.0496987953183117,0.048730183846261,0.0180686134282712,0.030301898195169,0.592896911143755,0.562574064513884,1.31555290261559,0.24404290990935,0.806363559966865,0.0977993672127679,-0.606320769713852,0.470365179639258,0.124141026453174,-0.311514355378905,0.623113769933359,0.196850798031598,0.547737121249814,0.635819273068192,0.214674395768944,0.355146375669072,0.892987524126475,0.37209451085819,0.305934754847115,0.844837185317229,0.951013439688617,0.110562276415237,0.609357085992362,-0.139692298807622,0.0201323990892927,-0.80542346234809,-0.0496511641706844,-0.0983937101272641,-0.672054326345752,-0.106121715619505,0.555827238756815,-0.726902521206873,0.0618599006308596,0.408798173393327,0.566315064635542,0.0973527178159604,0.51994226249902,0.605017127588077,0.0311698607744357,0.472385113726527,0.540908241482348,0.138074587708045,-0.328360541396174,0.67642849766529,sub-0044_ses-04_run-05_runtype-pain_event-stimulus_trial-004_cuetype-high_stimintensity-low.nii.gz
10.6939717166449,0.0887560066832478,0.100654478873433,4.2818629632899,0.00751269250633064,0.299563065098561,-0.516946874809812,0.082554393767896,-0.138347715691827,-0.0556866416758075,0.102988076180505,-0.81603277694753,0.382458148319812,-0.00514494060434097,0.370861027089787,0.0197050828768073,0.421659453541887,0.197811924577708,0.114813598503218,-0.479962841013085,0.582553067862858,-0.182749724242662,0.130898446075178,-0.723829423644588,0.30191445502117,0.0963449213397093,0.852694521359849,0.668183492156277,0.307461751198378,0.824808500099208,1.77679597770238,0.207216019666324,0.709707117275941,-0.348662645347326,-0.695791963624686,-0.92470006531509,0.0384413764383994,0.181501070142913,0.503048201051491,-0.0677275160790808,0.293738333672095,-0.481614932486379,-0.0470725338881926,-0.605607432310165,-0.427018479612794,0.0987495107601452,0.0192400807672565,0.628427760528357,-0.016659393256383,0.408100811185946,-0.244899300638016,-0.013586545772226,-0.24403139452661,-0.134694105563739,sub-0044_ses-04_run-05_runtype-pain_event-stimulus_trial-005_cuetype-high_stimintensity-med.nii.gz
12.3177552872693,0.124485007369521,0.133446352173649,6.15137132133043,0.0374781928864813,0.414133351715362,-0.43748787529913,0.117578584306766,-0.137549214219898,0.00693365169091833,0.0773151056632423,0.200215582102268,1.38152155752828,0.121710587775456,0.822357344742306,-0.100902248927628,-0.137565250431037,-0.769752792753417,0.178051524129542,-0.433326369788441,0.762725827370488,-0.00662150406710642,0.206989701930855,-0.0303234156919929,0.372529269919816,0.269765713872535,0.882475552699757,0.702830180200695,0.310753281611749,0.850948317966056,1.83604176179022,0.108955938779055,0.709669577759321,-0.253778337813264,-0.629853491030112,-0.862674260861418,0.00896099524345016,-0.303345898166329,0.182458314044796,0.00450660393095942,0.491721626099541,0.0559636230029182,-0.0567080518268129,0.1062629164285,-0.491914237121085,0.0745349629286924,0.120390208403806,0.527100553162139,-0.0244660869867106,0.760766470536309,-0.33174781565929,-0.0520550735489354,-0.158758477260709,-0.542900960739249,sub-0044_ses-04_run-05_runtype-pain_event-stimulus_trial-006_cuetype-high_stimintensity-low.nii.gz
6.36632301769765,0.0791358063531382,0.0667262332898157,2.02002293125175,0.0675514716030553,0.229595085710757,1.60740056634375,-0.0286217436005995,0.357406412054763,0.0379488590159417,0.404280491964734,0.658836719191794,1.02739580862473,0.25903948457484,0.713453571266359,-0.238060266615085,-0.697252340875221,-0.926411855977188,-0.0109482147264524,0.331366446424948,-0.0618604599219513,-0.0726425472341337,0.442827135857926,-0.214818164011527,0.166979570997372,0.158387971614777,0.805296238533596,0.225123115592593,0.205624013785567,0.791271894756841,0.269093736286823,0.103393814889383,0.256965585639482,0.0449329946805257,-0.397146519773333,0.491238800244319,0.108492584894151,0.240337810371774,0.884935833088046,0.117748321403234,0.356582636443725,0.797337372125657,0.0553154470126783,0.656744706943262,0.44117897697019,0.236869472936963,0.301347949113591,0.708014339873479,0.190618159224608,-0.382689187616313,0.799127502695871,0.379011922009697,-0.313790549289429,0.914618036337254,sub-0044_ses-04_run-05_runtype-pain_event-stimulus_trial-007_cuetype-low_stimintensity-high.nii.gz
3.54198615925279,0.0707948340398463,0.0381182622117468,-1.22320578596896,0.0172733105884002,-0.160475261830758,2.22788488492359,0.00293637587608301,0.435738269169559,-0.00832466018116974,0.472632135320326,-0.15181195142296,0.487220311187454,0.22784531947273,0.452905005866983,-0.179333991140742,-0.727733037931662,-0.868336886241295,-0.17652718962453,-0.132779177401744,-0.809219195807816,-0.226573326771373,0.302661342964292,-0.685954432300894,-0.0720829991117786,-0.0728675109918979,-0.758610624697593,0.0470163054113617,-0.0470450013681428,0.296418703572149,-0.747819558617149,-0.101193831589977,-0.614294232329394,0.0650931227051652,0.103385782722426,0.551395567178868,0.222616369273114,0.249303058052392,0.947609645659845,0.178197202948494,0.0683665957967964,0.797493525458891,0.0490131355126869,0.643651716749917,0.3652204455925,0.512499306845023,0.348431816754742,0.913174827447672,0.191659334689803,0.0312348863995772,0.851641421449281,0.355831611555779,-0.165043784532526,0.914124909594448,sub-0044_ses-04_run-05_runtype-pain_event-stimulus_trial-008_cuetype-low_stimintensity-med.nii.gz
12.098913568664,0.111914187198014,0.120953984101094,3.38813911622422,-0.0139375219102083,0.287298203075548,0.507370954161918,0.122244207265258,0.158444603413605,0.0335832742236048,0.263536091087351,0.582038141895638,0.46426546147142,0.0740972203223017,0.45655258513994,-0.18147123973397,-0.536780595074252,-0.848532846348183,0.213225183031595,-0.308665815647005,0.778889178599948,0.0338565049464735,0.200584272054509,0.285357454877888,0.191936496666207,-0.0119098038543794,0.81490653026376,0.630345630270572,0.239269852638843,0.762371824165467,0.99289607621369,0.226611968778896,0.597239050242743,-0.209955857365182,-0.58544953569302,-0.791475181289479,0.134330928157166,0.0900773879014117,0.928574254392599,0.0931733175120749,0.251909779175012,0.748348345174991,-0.0618707229658117,-0.131720287322644,-0.596183521601487,0.270307026809723,0.580240238474423,0.930906038585904,0.0755181954497956,0.558203937325347,0.921800257555437,0.0694913380871346,-0.0265820949584895,0.629693348122452,sub-0044_ses-04_run-05_runtype-pain_event-stimulus_trial-009_cuetype-low_stimintensity-med.nii.gz
13.283710591995,0.121883352837392,0.131370147709357,5.37968498226082,0.0314764288760059,0.372821982198667,0.181534917559013,0.161239588423769,0.0519457459997401,-0.0351792248981469,-0.0722503707003267,-0.569622142839302,1.54120092448896,0.0449231116549037,0.806254569980651,-0.370854697297797,-0.364031086557946,-0.941354297299067,0.220450469324702,-0.534618646023345,0.791174117815725,0.0477756212499104,0.439209003811552,0.176708538342628,0.357182671223002,0.144516552900912,0.86993038810603,0.648674701582652,0.337728923142824,0.859721041676922,1.40812166852219,0.115479817533201,0.59815058829685,-0.200124113662857,-0.631187424856018,-0.830362105815365,0.098980243642538,-0.0174991956553975,0.739186639391283,0.280577662029057,0.151565549122927,0.893662577526715,-0.0696524134680332,-0.349054715013614,-0.607319888232502,0.0914736624265272,0.0683032127299053,0.659747782921334,-0.0095831098515844,-0.531024854173488,-0.182775505183865,-0.0410482331959169,0.137908766583169,-0.390248484998381,sub-0044_ses-04_run-05_runtype-pain_event-stimulus_trial-010_cuetype-high_stimintensity-high.nii.gz
9.54804784207987,0.100917650726518,0.111289184996512,2.96638331686407,0.012133889522408,0.303386277463247,0.160704688752053,0.0891834277606538,0.0588879006484096,0.0237905085571055,0.262474888302504,0.382752264583075,0.619923745378561,0.0925210623731317,0.625923111716438,-0.0426716338560288,-0.568223196123057,-0.350167538913578,0.132164958147606,-0.10893560148483,0.776897859406991,0.00166801073555953,0.550045918237826,0.00614042710966397,0.248813580161662,0.287367996732984,0.855768483866426,0.40187943634743,0.379126120158466,0.885089747900444,0.740377838592729,0.258927368924624,0.491596810572334,-0.185111189584062,-0.523269419482907,-0.904097125425233,0.0664484723953548,0.504944527197416,0.876363992186399,0.00361660048535823,0.526071991816216,0.0489152566126342,-0.0268139119597169,0.330531095297695,-0.155998488618774,0.134430201628086,0.398268600731629,0.830229726265312,0.0753900241506812,0.500783019042976,0.827937544147523,0.0592792719841477,-0.19797796597604,0.554257638732527,sub-0044_ses-04_run-05_runtype-pain_event-stimulus_trial-011_cuetype-high_stimintensity-high.nii.gz
